
 /----------------------------------------------------------------------------\
 |  yosys -- Yosys Open SYnthesis Suite                                       |
 |  Copyright (C) 2012 - 2026  Claire Xenia Wolf <claire@yosyshq.com>         |
 |  Distributed under an ISC-like license, type "license" to see terms        |
 \----------------------------------------------------------------------------/
 Yosys 0.69+24 (git sha1 d0e71cfb7-dirty, Release, Clang /usr/bin/clang++ 21.1.8)

1. Executing Liberty frontend: /home/ultra9/.local/share/ecos-studio/pdks/ics55/1.10.102/IP/STD_cell/ics55_LLSC_H7C_V1p10C100/ics55_LLSC_H7CR/liberty/ics55_LLSC_H7CR_ss_rcworst_1p08_125_nldm.lib
Imported 747 cell types from liberty file.

2. Executing Liberty frontend: /home/ultra9/.local/share/ecos-studio/pdks/ics55/1.10.102/IP/STD_cell/ics55_LLSC_H7C_V1p10C100/ics55_LLSC_H7CL/liberty/ics55_LLSC_H7CL_ss_rcworst_1p08_125_nldm.lib
Reading Verilog sources with native parser: /home/ultra9/mpc-frame/designs/rv32e-pca-5000inst/rtl/Apb4Rv32ePca.v /home/ultra9/mpc-frame/designs/rv32e-pca-5000inst/rtl/PcaDatapath.v /home/ultra9/mpc-frame/designs/rv32e-pca-5000inst/rtl/Rv32ePca.v
Imported 747 cell types from liberty file.
[TCL: yosys -import] Command name collision: found pre-existing command `cd' -> skip.
[TCL: yosys -import] Command name collision: found pre-existing command `eval' -> skip.
[TCL: yosys -import] Command name collision: found pre-existing command `exec' -> skip.
[TCL: yosys -import] Command name collision: found pre-existing command `read' -> skip.
[TCL: yosys -import] Command name collision: found pre-existing command `trace' -> skip.
[INFO]: STRATEGY = DELAY-4
[INFO]: CLK_PERIOD = 20000.0ps
[INFO]: ABC_TARGET  = 19000ps
[INFO]: DELAY_SLACK_MARGIN = 0.95
[INFO]: DELAY_RETIME_M    = 8
[INFO]: DELAY_MAX_FO      = 20
[INFO]: DELAY_MULTIPASS   = 1
[INFO]: ABC script: +&get -n;&st;&dch;&nf;&put;&get -n;&st;&syn2;&if -g -K 6;&synch2;&nf;&put;&get -n;&st;&syn2;&if -g -K 6;&synch2;&nf;&put;&get -n;&st;&syn2;&if -g -K 6;&synch2;&nf;&put;&get -n;&st;&syn2;&if -g -K 6;&synch2;&nf;&put;&get -n;&st;&syn2;&if -g -K 6;&synch2;&nf;&put;buffer -c -N 20;topo;stime -c;upsize -c;dnsize -c;;stime,-p;print_stats -m

3. Executing Verilog-2005 frontend: /home/ultra9/mpc-frame/designs/rv32e-pca-5000inst/rtl/Apb4Rv32ePca.v
Parsing SystemVerilog input from `/home/ultra9/mpc-frame/designs/rv32e-pca-5000inst/rtl/Apb4Rv32ePca.v' to AST representation.
Generating RTLIL representation for module `\Apb4Rv32ePca'.
Successfully finished Verilog frontend.

4. Executing Verilog-2005 frontend: /home/ultra9/mpc-frame/designs/rv32e-pca-5000inst/rtl/PcaDatapath.v
Parsing SystemVerilog input from `/home/ultra9/mpc-frame/designs/rv32e-pca-5000inst/rtl/PcaDatapath.v' to AST representation.
Generating RTLIL representation for module `\PcaDatapath'.
Successfully finished Verilog frontend.

5. Executing Verilog-2005 frontend: /home/ultra9/mpc-frame/designs/rv32e-pca-5000inst/rtl/Rv32ePca.v
Parsing SystemVerilog input from `/home/ultra9/mpc-frame/designs/rv32e-pca-5000inst/rtl/Rv32ePca.v' to AST representation.
Generating RTLIL representation for module `\Rv32ePca'.
Successfully finished Verilog frontend.

6. Executing ATTRMAP pass (move or copy attributes).

7. Executing ATTRMVCP pass (move or copy attributes).

8. Executing SYNTH pass.

8.1. Executing HIERARCHY pass (managing design hierarchy).

8.1.1. Analyzing design hierarchy..
Top module:  \Rv32ePca
Used module:     \Apb4Rv32ePca
Used module:         \PcaDatapath

8.1.2. Analyzing design hierarchy..
Top module:  \Rv32ePca
Used module:     \Apb4Rv32ePca
Used module:         \PcaDatapath
Removed 0 unused modules.

8.2. Executing PROC pass (convert processes to netlists).

8.2.1. Executing PROC_CLEAN pass (remove empty switches from decision trees).
Cleaned up 0 empty switches.

8.2.2. Executing PROC_RMDEAD pass (remove dead branches from decision trees).
Marked 2 switch rules as full_case in process $proc$/home/ultra9/mpc-frame/designs/rv32e-pca-5000inst/rtl/PcaDatapath.v:131$172 in module PcaDatapath.
Marked 1 switch rules as full_case in process $proc$/home/ultra9/mpc-frame/designs/rv32e-pca-5000inst/rtl/PcaDatapath.v:99$158 in module PcaDatapath.
Marked 4 switch rules as full_case in process $proc$/home/ultra9/mpc-frame/designs/rv32e-pca-5000inst/rtl/Apb4Rv32ePca.v:94$120 in module Apb4Rv32ePca.
Marked 1 switch rules as full_case in process $proc$/home/ultra9/mpc-frame/designs/rv32e-pca-5000inst/rtl/Apb4Rv32ePca.v:159$110 in module Apb4Rv32ePca.
Marked 16 switch rules as full_case in process $proc$/home/ultra9/mpc-frame/designs/rv32e-pca-5000inst/rtl/Apb4Rv32ePca.v:115$15 in module Apb4Rv32ePca.
Marked 2 switch rules as full_case in process $proc$/home/ultra9/mpc-frame/designs/rv32e-pca-5000inst/rtl/Apb4Rv32ePca.v:79$9 in module Apb4Rv32ePca.
Removed a total of 0 dead cases.

8.2.3. Executing PROC_PRUNE pass (remove redundant assignments in processes).
Removed 0 redundant assignments.
Promoted 40 assignments to connections.

8.2.4. Executing PROC_INIT pass (extract init attributes).

8.2.5. Executing PROC_ARST pass (detect async resets in processes).
Found async reset \apb4_presetn in `\Apb4Rv32ePca.$proc$/home/ultra9/mpc-frame/designs/rv32e-pca-5000inst/rtl/Apb4Rv32ePca.v:115$15'.

8.2.6. Executing PROC_ROM pass (convert switches to ROMs).
Converted 1 switch.
<suppressed ~30 debug messages>

8.2.7. Executing PROC_MUX pass (convert decision trees to multiplexers).
Creating decoders for process `\Rv32ePca.$proc$/home/ultra9/mpc-frame/designs/rv32e-pca-5000inst/rtl/Rv32ePca.v:42$179'.
Creating decoders for process `\PcaDatapath.$proc$/home/ultra9/mpc-frame/designs/rv32e-pca-5000inst/rtl/PcaDatapath.v:131$172'.
     1/7: $0\cycles_q[7:0]
     2/7: $0\result_q[31:0]
     3/7: $0\opcode_q[3:0]
     4/7: $0\busy_q[0:0]
     5/7: $0\accumulator_q[31:0]
     6/7: $0\operand_b_q[31:0]
     7/7: $0\operand_a_q[31:0]
Creating decoders for process `\PcaDatapath.$proc$/home/ultra9/mpc-frame/designs/rv32e-pca-5000inst/rtl/PcaDatapath.v:99$158'.
     1/4: $1\result_next[31:0] [31:24]
     2/4: $1\result_next[31:0] [7:0]
     3/4: $1\result_next[31:0] [23:16]
     4/4: $1\result_next[31:0] [15:8]
Creating decoders for process `\Apb4Rv32ePca.$proc$/home/ultra9/mpc-frame/designs/rv32e-pca-5000inst/rtl/Apb4Rv32ePca.v:94$120'.
     1/4: $4\merge_wstrb$func$/home/ultra9/mpc-frame/designs/rv32e-pca-5000inst/rtl/Apb4Rv32ePca.v:94$6.merged[31:24]$131
     2/4: $3\merge_wstrb$func$/home/ultra9/mpc-frame/designs/rv32e-pca-5000inst/rtl/Apb4Rv32ePca.v:94$6.merged[23:16]$130
     3/4: $2\merge_wstrb$func$/home/ultra9/mpc-frame/designs/rv32e-pca-5000inst/rtl/Apb4Rv32ePca.v:94$6.merged[15:8]$129
     4/4: $1\merge_wstrb$func$/home/ultra9/mpc-frame/designs/rv32e-pca-5000inst/rtl/Apb4Rv32ePca.v:94$6.merged[7:0]$128
Creating decoders for process `\Apb4Rv32ePca.$proc$/home/ultra9/mpc-frame/designs/rv32e-pca-5000inst/rtl/Apb4Rv32ePca.v:159$110'.
     1/7: $1\apb4_prdata[31:0] [31:16]
     2/7: $1\apb4_prdata[31:0] [1]
     3/7: $1\apb4_prdata[31:0] [0]
     4/7: $1\apb4_prdata[31:0] [2]
     5/7: $1\apb4_prdata[31:0] [7:4]
     6/7: $1\apb4_prdata[31:0] [3]
     7/7: $1\apb4_prdata[31:0] [15:8]
Creating decoders for process `\Apb4Rv32ePca.$proc$/home/ultra9/mpc-frame/designs/rv32e-pca-5000inst/rtl/Apb4Rv32ePca.v:115$15'.
     1/81: $3\merge_wstrb$func$/home/ultra9/mpc-frame/designs/rv32e-pca-5000inst/rtl/Apb4Rv32ePca.v:135$5.merged[31:0]$89 [31:24]
     2/81: $6\merge_wstrb$func$/home/ultra9/mpc-frame/designs/rv32e-pca-5000inst/rtl/Apb4Rv32ePca.v:135$5.merged[23:16]$104
     3/81: $5\merge_wstrb$func$/home/ultra9/mpc-frame/designs/rv32e-pca-5000inst/rtl/Apb4Rv32ePca.v:135$5.merged[15:8]$103
     4/81: $4\merge_wstrb$func$/home/ultra9/mpc-frame/designs/rv32e-pca-5000inst/rtl/Apb4Rv32ePca.v:135$5.merged[7:0]$102
     5/81: $3\merge_wstrb$func$/home/ultra9/mpc-frame/designs/rv32e-pca-5000inst/rtl/Apb4Rv32ePca.v:135$5.merged[31:0]$89 [15:8]
     6/81: $3\merge_wstrb$func$/home/ultra9/mpc-frame/designs/rv32e-pca-5000inst/rtl/Apb4Rv32ePca.v:135$5.merged[31:0]$89 [7:0]
     7/81: $3\merge_wstrb$func$/home/ultra9/mpc-frame/designs/rv32e-pca-5000inst/rtl/Apb4Rv32ePca.v:133$4.merged[31:0]$83 [31:24]
     8/81: $3\merge_wstrb$func$/home/ultra9/mpc-frame/designs/rv32e-pca-5000inst/rtl/Apb4Rv32ePca.v:133$4.merged[31:0]$83 [23:16]
     9/81: $6\merge_wstrb$func$/home/ultra9/mpc-frame/designs/rv32e-pca-5000inst/rtl/Apb4Rv32ePca.v:133$4.merged[23:16]$100
    10/81: $5\merge_wstrb$func$/home/ultra9/mpc-frame/designs/rv32e-pca-5000inst/rtl/Apb4Rv32ePca.v:133$4.merged[15:8]$99
    11/81: $4\merge_wstrb$func$/home/ultra9/mpc-frame/designs/rv32e-pca-5000inst/rtl/Apb4Rv32ePca.v:133$4.merged[7:0]$98
    12/81: $3\merge_wstrb$func$/home/ultra9/mpc-frame/designs/rv32e-pca-5000inst/rtl/Apb4Rv32ePca.v:133$4.merged[31:0]$83 [7:0]
    13/81: $3\merge_wstrb$func$/home/ultra9/mpc-frame/designs/rv32e-pca-5000inst/rtl/Apb4Rv32ePca.v:131$3.merged[31:0]$77 [31:24]
    14/81: $3\merge_wstrb$func$/home/ultra9/mpc-frame/designs/rv32e-pca-5000inst/rtl/Apb4Rv32ePca.v:131$3.merged[31:0]$77 [23:16]
    15/81: $3\merge_wstrb$func$/home/ultra9/mpc-frame/designs/rv32e-pca-5000inst/rtl/Apb4Rv32ePca.v:131$3.merged[31:0]$77 [15:8]
    16/81: $6\merge_wstrb$func$/home/ultra9/mpc-frame/designs/rv32e-pca-5000inst/rtl/Apb4Rv32ePca.v:131$3.merged[23:16]$96
    17/81: $5\merge_wstrb$func$/home/ultra9/mpc-frame/designs/rv32e-pca-5000inst/rtl/Apb4Rv32ePca.v:131$3.merged[15:8]$95
    18/81: $4\merge_wstrb$func$/home/ultra9/mpc-frame/designs/rv32e-pca-5000inst/rtl/Apb4Rv32ePca.v:131$3.merged[7:0]$94
    19/81: $3\merge_wstrb$func$/home/ultra9/mpc-frame/designs/rv32e-pca-5000inst/rtl/Apb4Rv32ePca.v:135$5.merged[31:0]$89 [23:16]
    20/81: $7\merge_wstrb$func$/home/ultra9/mpc-frame/designs/rv32e-pca-5000inst/rtl/Apb4Rv32ePca.v:135$5.merged[31:24]$105
    21/81: $7\merge_wstrb$func$/home/ultra9/mpc-frame/designs/rv32e-pca-5000inst/rtl/Apb4Rv32ePca.v:133$4.merged[31:24]$101
    22/81: $7\merge_wstrb$func$/home/ultra9/mpc-frame/designs/rv32e-pca-5000inst/rtl/Apb4Rv32ePca.v:131$3.merged[31:24]$97
    23/81: $3\merge_wstrb$func$/home/ultra9/mpc-frame/designs/rv32e-pca-5000inst/rtl/Apb4Rv32ePca.v:133$4.merged[31:0]$83 [15:8]
    24/81: $3\merge_wstrb$func$/home/ultra9/mpc-frame/designs/rv32e-pca-5000inst/rtl/Apb4Rv32ePca.v:135$5.strobes[3:0]$88
    25/81: $3\merge_wstrb$func$/home/ultra9/mpc-frame/designs/rv32e-pca-5000inst/rtl/Apb4Rv32ePca.v:135$5.new_value[31:0]$87
    26/81: $3\merge_wstrb$func$/home/ultra9/mpc-frame/designs/rv32e-pca-5000inst/rtl/Apb4Rv32ePca.v:135$5.old_value[31:0]$86
    27/81: $3\merge_wstrb$func$/home/ultra9/mpc-frame/designs/rv32e-pca-5000inst/rtl/Apb4Rv32ePca.v:135$5.$result[31:0]$85
    28/81: $3\merge_wstrb$func$/home/ultra9/mpc-frame/designs/rv32e-pca-5000inst/rtl/Apb4Rv32ePca.v:133$4.byte_index[31:0]$84
    29/81: $3\merge_wstrb$func$/home/ultra9/mpc-frame/designs/rv32e-pca-5000inst/rtl/Apb4Rv32ePca.v:131$3.merged[31:0]$77 [7:0]
    30/81: $3\merge_wstrb$func$/home/ultra9/mpc-frame/designs/rv32e-pca-5000inst/rtl/Apb4Rv32ePca.v:133$4.strobes[3:0]$82
    31/81: $3\merge_wstrb$func$/home/ultra9/mpc-frame/designs/rv32e-pca-5000inst/rtl/Apb4Rv32ePca.v:133$4.new_value[31:0]$81
    32/81: $3\merge_wstrb$func$/home/ultra9/mpc-frame/designs/rv32e-pca-5000inst/rtl/Apb4Rv32ePca.v:133$4.old_value[31:0]$80
    33/81: $3\merge_wstrb$func$/home/ultra9/mpc-frame/designs/rv32e-pca-5000inst/rtl/Apb4Rv32ePca.v:133$4.$result[31:0]$79
    34/81: $3\merge_wstrb$func$/home/ultra9/mpc-frame/designs/rv32e-pca-5000inst/rtl/Apb4Rv32ePca.v:131$3.byte_index[31:0]$78
    35/81: $3\merge_wstrb$func$/home/ultra9/mpc-frame/designs/rv32e-pca-5000inst/rtl/Apb4Rv32ePca.v:135$5.byte_index[31:0]$90
    36/81: $3\merge_wstrb$func$/home/ultra9/mpc-frame/designs/rv32e-pca-5000inst/rtl/Apb4Rv32ePca.v:131$3.strobes[3:0]$76
    37/81: $3\merge_wstrb$func$/home/ultra9/mpc-frame/designs/rv32e-pca-5000inst/rtl/Apb4Rv32ePca.v:131$3.new_value[31:0]$75
    38/81: $3\merge_wstrb$func$/home/ultra9/mpc-frame/designs/rv32e-pca-5000inst/rtl/Apb4Rv32ePca.v:131$3.old_value[31:0]$74
    39/81: $3\merge_wstrb$func$/home/ultra9/mpc-frame/designs/rv32e-pca-5000inst/rtl/Apb4Rv32ePca.v:131$3.$result[31:0]$73
    40/81: $2\merge_wstrb$func$/home/ultra9/mpc-frame/designs/rv32e-pca-5000inst/rtl/Apb4Rv32ePca.v:135$5.byte_index[31:0]$72
    41/81: $2\merge_wstrb$func$/home/ultra9/mpc-frame/designs/rv32e-pca-5000inst/rtl/Apb4Rv32ePca.v:135$5.merged[31:0]$71
    42/81: $2\merge_wstrb$func$/home/ultra9/mpc-frame/designs/rv32e-pca-5000inst/rtl/Apb4Rv32ePca.v:135$5.strobes[3:0]$70
    43/81: $2\merge_wstrb$func$/home/ultra9/mpc-frame/designs/rv32e-pca-5000inst/rtl/Apb4Rv32ePca.v:135$5.new_value[31:0]$69
    44/81: $2\merge_wstrb$func$/home/ultra9/mpc-frame/designs/rv32e-pca-5000inst/rtl/Apb4Rv32ePca.v:135$5.old_value[31:0]$68
    45/81: $2\merge_wstrb$func$/home/ultra9/mpc-frame/designs/rv32e-pca-5000inst/rtl/Apb4Rv32ePca.v:135$5.$result[31:0]$67
    46/81: $2\merge_wstrb$func$/home/ultra9/mpc-frame/designs/rv32e-pca-5000inst/rtl/Apb4Rv32ePca.v:133$4.byte_index[31:0]$66
    47/81: $2\merge_wstrb$func$/home/ultra9/mpc-frame/designs/rv32e-pca-5000inst/rtl/Apb4Rv32ePca.v:133$4.merged[31:0]$65
    48/81: $2\merge_wstrb$func$/home/ultra9/mpc-frame/designs/rv32e-pca-5000inst/rtl/Apb4Rv32ePca.v:133$4.strobes[3:0]$64
    49/81: $2\merge_wstrb$func$/home/ultra9/mpc-frame/designs/rv32e-pca-5000inst/rtl/Apb4Rv32ePca.v:133$4.new_value[31:0]$63
    50/81: $2\merge_wstrb$func$/home/ultra9/mpc-frame/designs/rv32e-pca-5000inst/rtl/Apb4Rv32ePca.v:133$4.old_value[31:0]$62
    51/81: $2\merge_wstrb$func$/home/ultra9/mpc-frame/designs/rv32e-pca-5000inst/rtl/Apb4Rv32ePca.v:133$4.$result[31:0]$61
    52/81: $2\merge_wstrb$func$/home/ultra9/mpc-frame/designs/rv32e-pca-5000inst/rtl/Apb4Rv32ePca.v:131$3.byte_index[31:0]$60
    53/81: $2\merge_wstrb$func$/home/ultra9/mpc-frame/designs/rv32e-pca-5000inst/rtl/Apb4Rv32ePca.v:131$3.merged[31:0]$59
    54/81: $2\merge_wstrb$func$/home/ultra9/mpc-frame/designs/rv32e-pca-5000inst/rtl/Apb4Rv32ePca.v:131$3.strobes[3:0]$58
    55/81: $2\merge_wstrb$func$/home/ultra9/mpc-frame/designs/rv32e-pca-5000inst/rtl/Apb4Rv32ePca.v:131$3.new_value[31:0]$57
    56/81: $2\merge_wstrb$func$/home/ultra9/mpc-frame/designs/rv32e-pca-5000inst/rtl/Apb4Rv32ePca.v:131$3.old_value[31:0]$56
    57/81: $2\merge_wstrb$func$/home/ultra9/mpc-frame/designs/rv32e-pca-5000inst/rtl/Apb4Rv32ePca.v:131$3.$result[31:0]$55
    58/81: $1\merge_wstrb$func$/home/ultra9/mpc-frame/designs/rv32e-pca-5000inst/rtl/Apb4Rv32ePca.v:135$5.byte_index[31:0]$52
    59/81: $1\merge_wstrb$func$/home/ultra9/mpc-frame/designs/rv32e-pca-5000inst/rtl/Apb4Rv32ePca.v:135$5.merged[31:0]$51
    60/81: $1\merge_wstrb$func$/home/ultra9/mpc-frame/designs/rv32e-pca-5000inst/rtl/Apb4Rv32ePca.v:135$5.strobes[3:0]$50
    61/81: $1\merge_wstrb$func$/home/ultra9/mpc-frame/designs/rv32e-pca-5000inst/rtl/Apb4Rv32ePca.v:135$5.new_value[31:0]$49
    62/81: $1\merge_wstrb$func$/home/ultra9/mpc-frame/designs/rv32e-pca-5000inst/rtl/Apb4Rv32ePca.v:135$5.old_value[31:0]$48
    63/81: $1\merge_wstrb$func$/home/ultra9/mpc-frame/designs/rv32e-pca-5000inst/rtl/Apb4Rv32ePca.v:135$5.$result[31:0]$47
    64/81: $1\merge_wstrb$func$/home/ultra9/mpc-frame/designs/rv32e-pca-5000inst/rtl/Apb4Rv32ePca.v:133$4.byte_index[31:0]$46
    65/81: $1\merge_wstrb$func$/home/ultra9/mpc-frame/designs/rv32e-pca-5000inst/rtl/Apb4Rv32ePca.v:133$4.merged[31:0]$45
    66/81: $1\merge_wstrb$func$/home/ultra9/mpc-frame/designs/rv32e-pca-5000inst/rtl/Apb4Rv32ePca.v:133$4.strobes[3:0]$44
    67/81: $1\merge_wstrb$func$/home/ultra9/mpc-frame/designs/rv32e-pca-5000inst/rtl/Apb4Rv32ePca.v:133$4.new_value[31:0]$43
    68/81: $1\merge_wstrb$func$/home/ultra9/mpc-frame/designs/rv32e-pca-5000inst/rtl/Apb4Rv32ePca.v:133$4.old_value[31:0]$42
    69/81: $1\merge_wstrb$func$/home/ultra9/mpc-frame/designs/rv32e-pca-5000inst/rtl/Apb4Rv32ePca.v:133$4.$result[31:0]$41
    70/81: $1\merge_wstrb$func$/home/ultra9/mpc-frame/designs/rv32e-pca-5000inst/rtl/Apb4Rv32ePca.v:131$3.byte_index[31:0]$40
    71/81: $1\merge_wstrb$func$/home/ultra9/mpc-frame/designs/rv32e-pca-5000inst/rtl/Apb4Rv32ePca.v:131$3.merged[31:0]$39
    72/81: $1\merge_wstrb$func$/home/ultra9/mpc-frame/designs/rv32e-pca-5000inst/rtl/Apb4Rv32ePca.v:131$3.strobes[3:0]$38
    73/81: $1\merge_wstrb$func$/home/ultra9/mpc-frame/designs/rv32e-pca-5000inst/rtl/Apb4Rv32ePca.v:131$3.new_value[31:0]$37
    74/81: $1\merge_wstrb$func$/home/ultra9/mpc-frame/designs/rv32e-pca-5000inst/rtl/Apb4Rv32ePca.v:131$3.old_value[31:0]$36
    75/81: $1\merge_wstrb$func$/home/ultra9/mpc-frame/designs/rv32e-pca-5000inst/rtl/Apb4Rv32ePca.v:131$3.$result[31:0]$35
    76/81: $0\error_sticky_q[0:0]
    77/81: $0\done_sticky_q[0:0]
    78/81: $0\accumulator_q[31:0]
    79/81: $0\operand_b_q[31:0]
    80/81: $0\operand_a_q[31:0]
    81/81: $0\ctrl_q[4:0]
Creating decoders for process `\Apb4Rv32ePca.$proc$/home/ultra9/mpc-frame/designs/rv32e-pca-5000inst/rtl/Apb4Rv32ePca.v:79$9'.
     1/2: $1\reg_writable[0:0]
     2/2: $1\reg_valid[0:0]

8.2.8. Executing PROC_DLATCH pass (convert process syncs to latches).
No latch inferred for signal `\Rv32ePca.\io_out' from process `\Rv32ePca.$proc$/home/ultra9/mpc-frame/designs/rv32e-pca-5000inst/rtl/Rv32ePca.v:42$179'.
No latch inferred for signal `\Rv32ePca.\io_oe' from process `\Rv32ePca.$proc$/home/ultra9/mpc-frame/designs/rv32e-pca-5000inst/rtl/Rv32ePca.v:42$179'.
No latch inferred for signal `\PcaDatapath.\result_next' from process `\PcaDatapath.$proc$/home/ultra9/mpc-frame/designs/rv32e-pca-5000inst/rtl/PcaDatapath.v:99$158'.
No latch inferred for signal `\Apb4Rv32ePca.\merge_wstrb$func$/home/ultra9/mpc-frame/designs/rv32e-pca-5000inst/rtl/Apb4Rv32ePca.v:94$2.$result' from process `\Apb4Rv32ePca.$proc$/home/ultra9/mpc-frame/designs/rv32e-pca-5000inst/rtl/Apb4Rv32ePca.v:94$120'.
No latch inferred for signal `\Apb4Rv32ePca.\apb4_prdata' from process `\Apb4Rv32ePca.$proc$/home/ultra9/mpc-frame/designs/rv32e-pca-5000inst/rtl/Apb4Rv32ePca.v:159$110'.
No latch inferred for signal `\Apb4Rv32ePca.\reg_valid' from process `\Apb4Rv32ePca.$proc$/home/ultra9/mpc-frame/designs/rv32e-pca-5000inst/rtl/Apb4Rv32ePca.v:79$9'.
No latch inferred for signal `\Apb4Rv32ePca.\reg_writable' from process `\Apb4Rv32ePca.$proc$/home/ultra9/mpc-frame/designs/rv32e-pca-5000inst/rtl/Apb4Rv32ePca.v:79$9'.

8.2.9. Executing PROC_DFF pass (convert process syncs to FFs).
Creating register for signal `\PcaDatapath.\operand_a_q' using process `\PcaDatapath.$proc$/home/ultra9/mpc-frame/designs/rv32e-pca-5000inst/rtl/PcaDatapath.v:131$172'.
  created $dff cell `$procdff$835' with positive edge clock.
Creating register for signal `\PcaDatapath.\operand_b_q' using process `\PcaDatapath.$proc$/home/ultra9/mpc-frame/designs/rv32e-pca-5000inst/rtl/PcaDatapath.v:131$172'.
  created $dff cell `$procdff$836' with positive edge clock.
Creating register for signal `\PcaDatapath.\accumulator_q' using process `\PcaDatapath.$proc$/home/ultra9/mpc-frame/designs/rv32e-pca-5000inst/rtl/PcaDatapath.v:131$172'.
  created $dff cell `$procdff$837' with positive edge clock.
Creating register for signal `\PcaDatapath.\busy_q' using process `\PcaDatapath.$proc$/home/ultra9/mpc-frame/designs/rv32e-pca-5000inst/rtl/PcaDatapath.v:131$172'.
  created $dff cell `$procdff$838' with positive edge clock.
Creating register for signal `\PcaDatapath.\opcode_q' using process `\PcaDatapath.$proc$/home/ultra9/mpc-frame/designs/rv32e-pca-5000inst/rtl/PcaDatapath.v:131$172'.
  created $dff cell `$procdff$839' with positive edge clock.
Creating register for signal `\PcaDatapath.\result_q' using process `\PcaDatapath.$proc$/home/ultra9/mpc-frame/designs/rv32e-pca-5000inst/rtl/PcaDatapath.v:131$172'.
  created $dff cell `$procdff$840' with positive edge clock.
Creating register for signal `\PcaDatapath.\cycles_q' using process `\PcaDatapath.$proc$/home/ultra9/mpc-frame/designs/rv32e-pca-5000inst/rtl/PcaDatapath.v:131$172'.
  created $dff cell `$procdff$841' with positive edge clock.
Creating register for signal `\Apb4Rv32ePca.\ctrl_q' using process `\Apb4Rv32ePca.$proc$/home/ultra9/mpc-frame/designs/rv32e-pca-5000inst/rtl/Apb4Rv32ePca.v:115$15'.
  created $adff cell `$procdff$846' with positive edge clock and positive level reset.
Creating register for signal `\Apb4Rv32ePca.\operand_a_q' using process `\Apb4Rv32ePca.$proc$/home/ultra9/mpc-frame/designs/rv32e-pca-5000inst/rtl/Apb4Rv32ePca.v:115$15'.
  created $adff cell `$procdff$851' with positive edge clock and positive level reset.
Creating register for signal `\Apb4Rv32ePca.\operand_b_q' using process `\Apb4Rv32ePca.$proc$/home/ultra9/mpc-frame/designs/rv32e-pca-5000inst/rtl/Apb4Rv32ePca.v:115$15'.
  created $adff cell `$procdff$856' with positive edge clock and positive level reset.
Creating register for signal `\Apb4Rv32ePca.\accumulator_q' using process `\Apb4Rv32ePca.$proc$/home/ultra9/mpc-frame/designs/rv32e-pca-5000inst/rtl/Apb4Rv32ePca.v:115$15'.
  created $adff cell `$procdff$861' with positive edge clock and positive level reset.
Creating register for signal `\Apb4Rv32ePca.\done_sticky_q' using process `\Apb4Rv32ePca.$proc$/home/ultra9/mpc-frame/designs/rv32e-pca-5000inst/rtl/Apb4Rv32ePca.v:115$15'.
  created $adff cell `$procdff$866' with positive edge clock and positive level reset.
Creating register for signal `\Apb4Rv32ePca.\error_sticky_q' using process `\Apb4Rv32ePca.$proc$/home/ultra9/mpc-frame/designs/rv32e-pca-5000inst/rtl/Apb4Rv32ePca.v:115$15'.
  created $adff cell `$procdff$871' with positive edge clock and positive level reset.
Creating register for signal `\Apb4Rv32ePca.\merge_wstrb$func$/home/ultra9/mpc-frame/designs/rv32e-pca-5000inst/rtl/Apb4Rv32ePca.v:131$3.$result' using process `\Apb4Rv32ePca.$proc$/home/ultra9/mpc-frame/designs/rv32e-pca-5000inst/rtl/Apb4Rv32ePca.v:115$15'.
  created $adff cell `$procdff$876' with positive edge clock and positive level reset.
Creating register for signal `\Apb4Rv32ePca.\merge_wstrb$func$/home/ultra9/mpc-frame/designs/rv32e-pca-5000inst/rtl/Apb4Rv32ePca.v:131$3.old_value' using process `\Apb4Rv32ePca.$proc$/home/ultra9/mpc-frame/designs/rv32e-pca-5000inst/rtl/Apb4Rv32ePca.v:115$15'.
  created $adff cell `$procdff$881' with positive edge clock and positive level reset.
Creating register for signal `\Apb4Rv32ePca.\merge_wstrb$func$/home/ultra9/mpc-frame/designs/rv32e-pca-5000inst/rtl/Apb4Rv32ePca.v:131$3.new_value' using process `\Apb4Rv32ePca.$proc$/home/ultra9/mpc-frame/designs/rv32e-pca-5000inst/rtl/Apb4Rv32ePca.v:115$15'.
  created $adff cell `$procdff$886' with positive edge clock and positive level reset.
Creating register for signal `\Apb4Rv32ePca.\merge_wstrb$func$/home/ultra9/mpc-frame/designs/rv32e-pca-5000inst/rtl/Apb4Rv32ePca.v:131$3.strobes' using process `\Apb4Rv32ePca.$proc$/home/ultra9/mpc-frame/designs/rv32e-pca-5000inst/rtl/Apb4Rv32ePca.v:115$15'.
  created $adff cell `$procdff$891' with positive edge clock and positive level reset.
Creating register for signal `\Apb4Rv32ePca.\merge_wstrb$func$/home/ultra9/mpc-frame/designs/rv32e-pca-5000inst/rtl/Apb4Rv32ePca.v:131$3.merged' using process `\Apb4Rv32ePca.$proc$/home/ultra9/mpc-frame/designs/rv32e-pca-5000inst/rtl/Apb4Rv32ePca.v:115$15'.
  created $adff cell `$procdff$896' with positive edge clock and positive level reset.
Creating register for signal `\Apb4Rv32ePca.\merge_wstrb$func$/home/ultra9/mpc-frame/designs/rv32e-pca-5000inst/rtl/Apb4Rv32ePca.v:131$3.byte_index' using process `\Apb4Rv32ePca.$proc$/home/ultra9/mpc-frame/designs/rv32e-pca-5000inst/rtl/Apb4Rv32ePca.v:115$15'.
  created $adff cell `$procdff$901' with positive edge clock and positive level reset.
Creating register for signal `\Apb4Rv32ePca.\merge_wstrb$func$/home/ultra9/mpc-frame/designs/rv32e-pca-5000inst/rtl/Apb4Rv32ePca.v:133$4.$result' using process `\Apb4Rv32ePca.$proc$/home/ultra9/mpc-frame/designs/rv32e-pca-5000inst/rtl/Apb4Rv32ePca.v:115$15'.
  created $adff cell `$procdff$906' with positive edge clock and positive level reset.
Creating register for signal `\Apb4Rv32ePca.\merge_wstrb$func$/home/ultra9/mpc-frame/designs/rv32e-pca-5000inst/rtl/Apb4Rv32ePca.v:133$4.old_value' using process `\Apb4Rv32ePca.$proc$/home/ultra9/mpc-frame/designs/rv32e-pca-5000inst/rtl/Apb4Rv32ePca.v:115$15'.
  created $adff cell `$procdff$911' with positive edge clock and positive level reset.
Creating register for signal `\Apb4Rv32ePca.\merge_wstrb$func$/home/ultra9/mpc-frame/designs/rv32e-pca-5000inst/rtl/Apb4Rv32ePca.v:133$4.new_value' using process `\Apb4Rv32ePca.$proc$/home/ultra9/mpc-frame/designs/rv32e-pca-5000inst/rtl/Apb4Rv32ePca.v:115$15'.
  created $adff cell `$procdff$916' with positive edge clock and positive level reset.
Creating register for signal `\Apb4Rv32ePca.\merge_wstrb$func$/home/ultra9/mpc-frame/designs/rv32e-pca-5000inst/rtl/Apb4Rv32ePca.v:133$4.strobes' using process `\Apb4Rv32ePca.$proc$/home/ultra9/mpc-frame/designs/rv32e-pca-5000inst/rtl/Apb4Rv32ePca.v:115$15'.
  created $adff cell `$procdff$921' with positive edge clock and positive level reset.
Creating register for signal `\Apb4Rv32ePca.\merge_wstrb$func$/home/ultra9/mpc-frame/designs/rv32e-pca-5000inst/rtl/Apb4Rv32ePca.v:133$4.merged' using process `\Apb4Rv32ePca.$proc$/home/ultra9/mpc-frame/designs/rv32e-pca-5000inst/rtl/Apb4Rv32ePca.v:115$15'.
  created $adff cell `$procdff$926' with positive edge clock and positive level reset.
Creating register for signal `\Apb4Rv32ePca.\merge_wstrb$func$/home/ultra9/mpc-frame/designs/rv32e-pca-5000inst/rtl/Apb4Rv32ePca.v:133$4.byte_index' using process `\Apb4Rv32ePca.$proc$/home/ultra9/mpc-frame/designs/rv32e-pca-5000inst/rtl/Apb4Rv32ePca.v:115$15'.
  created $adff cell `$procdff$931' with positive edge clock and positive level reset.
Creating register for signal `\Apb4Rv32ePca.\merge_wstrb$func$/home/ultra9/mpc-frame/designs/rv32e-pca-5000inst/rtl/Apb4Rv32ePca.v:135$5.$result' using process `\Apb4Rv32ePca.$proc$/home/ultra9/mpc-frame/designs/rv32e-pca-5000inst/rtl/Apb4Rv32ePca.v:115$15'.
  created $adff cell `$procdff$936' with positive edge clock and positive level reset.
Creating register for signal `\Apb4Rv32ePca.\merge_wstrb$func$/home/ultra9/mpc-frame/designs/rv32e-pca-5000inst/rtl/Apb4Rv32ePca.v:135$5.old_value' using process `\Apb4Rv32ePca.$proc$/home/ultra9/mpc-frame/designs/rv32e-pca-5000inst/rtl/Apb4Rv32ePca.v:115$15'.
  created $adff cell `$procdff$941' with positive edge clock and positive level reset.
Creating register for signal `\Apb4Rv32ePca.\merge_wstrb$func$/home/ultra9/mpc-frame/designs/rv32e-pca-5000inst/rtl/Apb4Rv32ePca.v:135$5.new_value' using process `\Apb4Rv32ePca.$proc$/home/ultra9/mpc-frame/designs/rv32e-pca-5000inst/rtl/Apb4Rv32ePca.v:115$15'.
  created $adff cell `$procdff$946' with positive edge clock and positive level reset.
Creating register for signal `\Apb4Rv32ePca.\merge_wstrb$func$/home/ultra9/mpc-frame/designs/rv32e-pca-5000inst/rtl/Apb4Rv32ePca.v:135$5.strobes' using process `\Apb4Rv32ePca.$proc$/home/ultra9/mpc-frame/designs/rv32e-pca-5000inst/rtl/Apb4Rv32ePca.v:115$15'.
  created $adff cell `$procdff$951' with positive edge clock and positive level reset.
Creating register for signal `\Apb4Rv32ePca.\merge_wstrb$func$/home/ultra9/mpc-frame/designs/rv32e-pca-5000inst/rtl/Apb4Rv32ePca.v:135$5.merged' using process `\Apb4Rv32ePca.$proc$/home/ultra9/mpc-frame/designs/rv32e-pca-5000inst/rtl/Apb4Rv32ePca.v:115$15'.
  created $adff cell `$procdff$956' with positive edge clock and positive level reset.
Creating register for signal `\Apb4Rv32ePca.\merge_wstrb$func$/home/ultra9/mpc-frame/designs/rv32e-pca-5000inst/rtl/Apb4Rv32ePca.v:135$5.byte_index' using process `\Apb4Rv32ePca.$proc$/home/ultra9/mpc-frame/designs/rv32e-pca-5000inst/rtl/Apb4Rv32ePca.v:115$15'.
  created $adff cell `$procdff$961' with positive edge clock and positive level reset.

8.2.10. Executing PROC_MEMWR pass (convert process memory writes to cells).

8.2.11. Executing PROC_CLEAN pass (remove empty switches from decision trees).
Removing empty process `Rv32ePca.$proc$/home/ultra9/mpc-frame/designs/rv32e-pca-5000inst/rtl/Rv32ePca.v:42$179'.
Found and cleaned up 3 empty switches in `\PcaDatapath.$proc$/home/ultra9/mpc-frame/designs/rv32e-pca-5000inst/rtl/PcaDatapath.v:131$172'.
Removing empty process `PcaDatapath.$proc$/home/ultra9/mpc-frame/designs/rv32e-pca-5000inst/rtl/PcaDatapath.v:131$172'.
Found and cleaned up 1 empty switch in `\PcaDatapath.$proc$/home/ultra9/mpc-frame/designs/rv32e-pca-5000inst/rtl/PcaDatapath.v:99$158'.
Removing empty process `PcaDatapath.$proc$/home/ultra9/mpc-frame/designs/rv32e-pca-5000inst/rtl/PcaDatapath.v:99$158'.
Found and cleaned up 4 empty switches in `\Apb4Rv32ePca.$proc$/home/ultra9/mpc-frame/designs/rv32e-pca-5000inst/rtl/Apb4Rv32ePca.v:94$120'.
Removing empty process `Apb4Rv32ePca.$proc$/home/ultra9/mpc-frame/designs/rv32e-pca-5000inst/rtl/Apb4Rv32ePca.v:94$120'.
Found and cleaned up 1 empty switch in `\Apb4Rv32ePca.$proc$/home/ultra9/mpc-frame/designs/rv32e-pca-5000inst/rtl/Apb4Rv32ePca.v:159$110'.
Removing empty process `Apb4Rv32ePca.$proc$/home/ultra9/mpc-frame/designs/rv32e-pca-5000inst/rtl/Apb4Rv32ePca.v:159$110'.
Found and cleaned up 20 empty switches in `\Apb4Rv32ePca.$proc$/home/ultra9/mpc-frame/designs/rv32e-pca-5000inst/rtl/Apb4Rv32ePca.v:115$15'.
Removing empty process `Apb4Rv32ePca.$proc$/home/ultra9/mpc-frame/designs/rv32e-pca-5000inst/rtl/Apb4Rv32ePca.v:115$15'.
Found and cleaned up 2 empty switches in `\Apb4Rv32ePca.$proc$/home/ultra9/mpc-frame/designs/rv32e-pca-5000inst/rtl/Apb4Rv32ePca.v:79$9'.
Removing empty process `Apb4Rv32ePca.$proc$/home/ultra9/mpc-frame/designs/rv32e-pca-5000inst/rtl/Apb4Rv32ePca.v:79$9'.
Cleaned up 31 empty switches.

8.2.12. Executing OPT_EXPR pass (perform const folding).
Optimizing module Rv32ePca.
Optimizing module PcaDatapath.
<suppressed ~4 debug messages>
Optimizing module Apb4Rv32ePca.
<suppressed ~55 debug messages>

8.3. Executing OPT_EXPR pass (perform const folding).
Optimizing module Rv32ePca.
Optimizing module PcaDatapath.
Optimizing module Apb4Rv32ePca.

8.4. Executing CHECK pass (checking for obvious problems).
Checking module Rv32ePca...
Checking module PcaDatapath...
Checking module Apb4Rv32ePca...
Found and reported 0 problems.

8.5. Executing OPT_CLEAN pass (remove unused cells and wires).
Finding unused cells or wires in module \Rv32ePca..
Finding unused cells or wires in module \PcaDatapath..
Finding unused cells or wires in module \Apb4Rv32ePca..
Removed 146 unused cells and 426 unused wires.
<suppressed ~165 debug messages>

8.6. Executing OPT pass (performing simple optimizations).

8.6.1. Executing OPT_EXPR pass (perform const folding).
Optimizing module Rv32ePca.
Optimizing module PcaDatapath.
Optimizing module Apb4Rv32ePca.

8.6.2. Executing OPT_MERGE pass (detect identical cells).
Finding identical cells in module `\Rv32ePca'.
Computing hashes of 4 cells of `\Rv32ePca'.
Finding duplicate cells in `\Rv32ePca'.
Finding identical cells in module `\PcaDatapath'.
Computing hashes of 110 cells of `\PcaDatapath'.
Finding duplicate cells in `\PcaDatapath'.
Computing hashes of 75 cells of `\PcaDatapath'.
Finding duplicate cells in `\PcaDatapath'.
<suppressed ~105 debug messages>
Finding identical cells in module `\Apb4Rv32ePca'.
Computing hashes of 173 cells of `\Apb4Rv32ePca'.
Finding duplicate cells in `\Apb4Rv32ePca'.
Computing hashes of 108 cells of `\Apb4Rv32ePca'.
Finding duplicate cells in `\Apb4Rv32ePca'.
Computing hashes of 107 cells of `\Apb4Rv32ePca'.
Finding duplicate cells in `\Apb4Rv32ePca'.
<suppressed ~198 debug messages>
Removed a total of 101 cells.

8.6.3. Executing OPT_MUXTREE pass (detect dead branches in mux trees).
Running muxtree optimizer on module \Rv32ePca..
  Creating internal representation of mux trees.
  No muxes found in this module.
Running muxtree optimizer on module \PcaDatapath..
  Creating internal representation of mux trees.
  Evaluating internal representation of mux trees.
      Replacing known input bits on port A of cell $procmux$206: \busy_q -> 1'0
  Analyzing evaluation results.
Running muxtree optimizer on module \Apb4Rv32ePca..
  Creating internal representation of mux trees.
  Evaluating internal representation of mux trees.
  Analyzing evaluation results.
    dead port 2/2 on $mux $procmux$400.
    dead port 2/2 on $mux $procmux$398.
    dead port 2/2 on $mux $procmux$549.
    dead port 2/2 on $mux $procmux$390.
    dead port 2/2 on $mux $procmux$388.
    dead port 2/2 on $mux $procmux$380.
    dead port 2/2 on $mux $procmux$378.
    dead port 2/2 on $mux $procmux$534.
    dead port 2/2 on $mux $procmux$532.
    dead port 2/2 on $mux $procmux$522.
    dead port 2/2 on $mux $procmux$520.
    dead port 2/2 on $mux $procmux$510.
    dead port 2/2 on $mux $procmux$508.
    dead port 2/2 on $mux $procmux$574.
    dead port 2/2 on $mux $procmux$572.
    dead port 2/2 on $mux $procmux$463.
    dead port 2/2 on $mux $procmux$461.
    dead port 2/2 on $mux $procmux$562.
    dead port 2/2 on $mux $procmux$452.
    dead port 2/2 on $mux $procmux$450.
    dead port 2/2 on $mux $procmux$560.
    dead port 2/2 on $mux $procmux$441.
    dead port 2/2 on $mux $procmux$439.
    dead port 2/2 on $mux $procmux$551.
Removed 24 multiplexer ports.
<suppressed ~119 debug messages>

8.6.4. Executing OPT_REDUCE pass (consolidate $*mux and $reduce_* inputs).
  Optimizing cells in module \Rv32ePca.
  Optimizing cells in module \PcaDatapath.
  Optimizing cells in module \PcaDatapath.
  Optimizing cells in module \Apb4Rv32ePca.
    New ctrl vector for $pmux cell $procmux$324: { $procmux$347_CMP $procmux$358_CMP $procmux$550_CMP $procmux$561_CMP $procmux$814_CMP $procmux$362_CMP $procmux$826_CMP $auto$opt_reduce.cc:137:opt_pmux$963 }
  Optimizing cells in module \Apb4Rv32ePca.
Performed a total of 2 changes.

8.6.5. Executing OPT_MERGE pass (detect identical cells).
Finding identical cells in module `\Rv32ePca'.
Computing hashes of 4 cells of `\Rv32ePca'.
Finding duplicate cells in `\Rv32ePca'.
Finding identical cells in module `\PcaDatapath'.
Computing hashes of 74 cells of `\PcaDatapath'.
Finding duplicate cells in `\PcaDatapath'.
Finding identical cells in module `\Apb4Rv32ePca'.
Computing hashes of 84 cells of `\Apb4Rv32ePca'.
Finding duplicate cells in `\Apb4Rv32ePca'.
Removed a total of 0 cells.

8.6.6. Executing OPT_DFF pass (perform DFF optimizations).

8.6.7. Executing OPT_CLEAN pass (remove unused cells and wires).
Finding unused cells or wires in module \Rv32ePca..
Finding unused cells or wires in module \PcaDatapath..
Finding unused cells or wires in module \Apb4Rv32ePca..
Removed 0 unused cells and 122 unused wires.
<suppressed ~2 debug messages>

8.6.8. Executing OPT_EXPR pass (perform const folding).
Optimizing module Rv32ePca.
Optimizing module PcaDatapath.
Optimizing module Apb4Rv32ePca.

8.6.9. Rerunning OPT passes. (Maybe there is more to do..)

8.6.10. Executing OPT_MUXTREE pass (detect dead branches in mux trees).
Running muxtree optimizer on module \Rv32ePca..
  Creating internal representation of mux trees.
  No muxes found in this module.
Running muxtree optimizer on module \PcaDatapath..
  Creating internal representation of mux trees.
  Evaluating internal representation of mux trees.
  Analyzing evaluation results.
Running muxtree optimizer on module \Apb4Rv32ePca..
  Creating internal representation of mux trees.
  Evaluating internal representation of mux trees.
  Analyzing evaluation results.
Removed 0 multiplexer ports.
<suppressed ~94 debug messages>

8.6.11. Executing OPT_REDUCE pass (consolidate $*mux and $reduce_* inputs).
  Optimizing cells in module \Rv32ePca.
  Optimizing cells in module \PcaDatapath.
  Optimizing cells in module \Apb4Rv32ePca.
Performed a total of 0 changes.

8.6.12. Executing OPT_MERGE pass (detect identical cells).
Finding identical cells in module `\Rv32ePca'.
Computing hashes of 4 cells of `\Rv32ePca'.
Finding duplicate cells in `\Rv32ePca'.
Finding identical cells in module `\PcaDatapath'.
Computing hashes of 74 cells of `\PcaDatapath'.
Finding duplicate cells in `\PcaDatapath'.
Finding identical cells in module `\Apb4Rv32ePca'.
Computing hashes of 84 cells of `\Apb4Rv32ePca'.
Finding duplicate cells in `\Apb4Rv32ePca'.
Removed a total of 0 cells.

8.6.13. Executing OPT_DFF pass (perform DFF optimizations).

8.6.14. Executing OPT_CLEAN pass (remove unused cells and wires).
Finding unused cells or wires in module \Rv32ePca..
Finding unused cells or wires in module \PcaDatapath..
Finding unused cells or wires in module \Apb4Rv32ePca..

8.6.15. Executing OPT_EXPR pass (perform const folding).
Optimizing module Rv32ePca.
Optimizing module PcaDatapath.
Optimizing module Apb4Rv32ePca.

8.6.16. Finished fast OPT passes. (There is nothing left to do.)

8.7. Executing FSM pass (extract and optimize FSM).

8.7.1. Executing FSM_DETECT pass (finding FSMs in design).
Not marking PcaDatapath.cycles_q as FSM state register:
    Register is connected to module port.
    Users of register don't seem to benefit from recoding.

8.7.2. Executing FSM_EXTRACT pass (extracting FSM from design).

8.7.3. Executing FSM_OPT pass (simple optimizations of FSMs).

8.7.4. Executing OPT_CLEAN pass (remove unused cells and wires).
Finding unused cells or wires in module \Rv32ePca..
Finding unused cells or wires in module \PcaDatapath..
Finding unused cells or wires in module \Apb4Rv32ePca..

8.7.5. Executing FSM_OPT pass (simple optimizations of FSMs).

8.7.6. Executing FSM_RECODE pass (re-assigning FSM state encoding).

8.7.7. Executing FSM_INFO pass (dumping all available information on FSM cells).

8.7.8. Executing FSM_MAP pass (mapping FSMs to basic logic).

8.8. Executing OPT pass (performing simple optimizations).

8.8.1. Executing OPT_EXPR pass (perform const folding).
Optimizing module Rv32ePca.
Optimizing module PcaDatapath.
Optimizing module Apb4Rv32ePca.

8.8.2. Executing OPT_MERGE pass (detect identical cells).
Finding identical cells in module `\Rv32ePca'.
Computing hashes of 4 cells of `\Rv32ePca'.
Finding duplicate cells in `\Rv32ePca'.
Finding identical cells in module `\PcaDatapath'.
Computing hashes of 74 cells of `\PcaDatapath'.
Finding duplicate cells in `\PcaDatapath'.
Finding identical cells in module `\Apb4Rv32ePca'.
Computing hashes of 84 cells of `\Apb4Rv32ePca'.
Finding duplicate cells in `\Apb4Rv32ePca'.
Removed a total of 0 cells.

8.8.3. Executing OPT_MUXTREE pass (detect dead branches in mux trees).
Running muxtree optimizer on module \Rv32ePca..
  Creating internal representation of mux trees.
  No muxes found in this module.
Running muxtree optimizer on module \PcaDatapath..
  Creating internal representation of mux trees.
  Evaluating internal representation of mux trees.
  Analyzing evaluation results.
Running muxtree optimizer on module \Apb4Rv32ePca..
  Creating internal representation of mux trees.
  Evaluating internal representation of mux trees.
  Analyzing evaluation results.
Removed 0 multiplexer ports.
<suppressed ~94 debug messages>

8.8.4. Executing OPT_REDUCE pass (consolidate $*mux and $reduce_* inputs).
  Optimizing cells in module \Rv32ePca.
  Optimizing cells in module \PcaDatapath.
  Optimizing cells in module \Apb4Rv32ePca.
Performed a total of 0 changes.

8.8.5. Executing OPT_MERGE pass (detect identical cells).
Finding identical cells in module `\Rv32ePca'.
Computing hashes of 4 cells of `\Rv32ePca'.
Finding duplicate cells in `\Rv32ePca'.
Finding identical cells in module `\PcaDatapath'.
Computing hashes of 74 cells of `\PcaDatapath'.
Finding duplicate cells in `\PcaDatapath'.
Finding identical cells in module `\Apb4Rv32ePca'.
Computing hashes of 84 cells of `\Apb4Rv32ePca'.
Finding duplicate cells in `\Apb4Rv32ePca'.
Removed a total of 0 cells.

8.8.6. Executing OPT_DFF pass (perform DFF optimizations).
Adding SRST signal on $procdff$835 ($dff) from module PcaDatapath (D = $procmux$227_Y, Q = \operand_a_q, rval = 0).
Adding EN signal on $auto$ff.cc:337:slice$964 ($sdff) from module PcaDatapath (D = \operand_a_i, Q = \operand_a_q).
Adding SRST signal on $procdff$836 ($dff) from module PcaDatapath (D = $procmux$221_Y, Q = \operand_b_q, rval = 0).
Adding EN signal on $auto$ff.cc:337:slice$966 ($sdff) from module PcaDatapath (D = \operand_b_i, Q = \operand_b_q).
Adding SRST signal on $procdff$837 ($dff) from module PcaDatapath (D = $procmux$215_Y, Q = \accumulator_q, rval = 0).
Adding EN signal on $auto$ff.cc:337:slice$968 ($sdff) from module PcaDatapath (D = \accumulator_i, Q = \accumulator_q).
Adding SRST signal on $procdff$838 ($dff) from module PcaDatapath (D = $procmux$209_Y, Q = \busy_q, rval = 1'0).
Adding SRST signal on $procdff$839 ($dff) from module PcaDatapath (D = $procmux$201_Y, Q = \opcode_q, rval = 4'1001).
Adding EN signal on $auto$ff.cc:337:slice$971 ($sdff) from module PcaDatapath (D = \opcode_i, Q = \opcode_q).
Adding SRST signal on $procdff$840 ($dff) from module PcaDatapath (D = $procmux$195_Y, Q = \result_q, rval = 0).
Adding EN signal on $auto$ff.cc:337:slice$973 ($sdff) from module PcaDatapath (D = \result_next, Q = \result_q).
Adding SRST signal on $procdff$841 ($dff) from module PcaDatapath (D = $procmux$184_Y, Q = \cycles_q, rval = 8'00000000).
Adding EN signal on $auto$ff.cc:337:slice$979 ($sdff) from module PcaDatapath (D = 8'00000001, Q = \cycles_q).
Setting constant 0-bit at position 1 on $auto$ff.cc:337:slice$982 ($sdffe) from module PcaDatapath.
Setting constant 0-bit at position 2 on $auto$ff.cc:337:slice$982 ($sdffe) from module PcaDatapath.
Setting constant 0-bit at position 3 on $auto$ff.cc:337:slice$982 ($sdffe) from module PcaDatapath.
Setting constant 0-bit at position 4 on $auto$ff.cc:337:slice$982 ($sdffe) from module PcaDatapath.
Setting constant 0-bit at position 5 on $auto$ff.cc:337:slice$982 ($sdffe) from module PcaDatapath.
Setting constant 0-bit at position 6 on $auto$ff.cc:337:slice$982 ($sdffe) from module PcaDatapath.
Setting constant 0-bit at position 7 on $auto$ff.cc:337:slice$982 ($sdffe) from module PcaDatapath.
Adding EN signal on $procdff$861 ($adff) from module Apb4Rv32ePca (D = \apb4_pwdata [7:0], Q = \accumulator_q [7:0]).
Adding EN signal on $procdff$861 ($adff) from module Apb4Rv32ePca (D = \apb4_pwdata [15:8], Q = \accumulator_q [15:8]).
Adding EN signal on $procdff$861 ($adff) from module Apb4Rv32ePca (D = \apb4_pwdata [23:16], Q = \accumulator_q [23:16]).
Adding EN signal on $procdff$861 ($adff) from module Apb4Rv32ePca (D = \apb4_pwdata [31:24], Q = \accumulator_q [31:24]).
Adding EN signal on $procdff$856 ($adff) from module Apb4Rv32ePca (D = \apb4_pwdata [7:0], Q = \operand_b_q [7:0]).
Adding EN signal on $procdff$856 ($adff) from module Apb4Rv32ePca (D = \apb4_pwdata [15:8], Q = \operand_b_q [15:8]).
Adding EN signal on $procdff$856 ($adff) from module Apb4Rv32ePca (D = \apb4_pwdata [23:16], Q = \operand_b_q [23:16]).
Adding EN signal on $procdff$856 ($adff) from module Apb4Rv32ePca (D = \apb4_pwdata [31:24], Q = \operand_b_q [31:24]).
Adding EN signal on $procdff$851 ($adff) from module Apb4Rv32ePca (D = \apb4_pwdata [7:0], Q = \operand_a_q [7:0]).
Adding EN signal on $procdff$851 ($adff) from module Apb4Rv32ePca (D = \apb4_pwdata [15:8], Q = \operand_a_q [15:8]).
Adding EN signal on $procdff$851 ($adff) from module Apb4Rv32ePca (D = \apb4_pwdata [23:16], Q = \operand_a_q [23:16]).
Adding EN signal on $procdff$851 ($adff) from module Apb4Rv32ePca (D = \apb4_pwdata [31:24], Q = \operand_a_q [31:24]).
Adding EN signal on $procdff$871 ($adff) from module Apb4Rv32ePca (D = $0\error_sticky_q[0:0], Q = \error_sticky_q).
Adding EN signal on $procdff$846 ($adff) from module Apb4Rv32ePca (D = \apb4_pwdata [4], Q = \ctrl_q [4]).
Adding EN signal on $procdff$846 ($adff) from module Apb4Rv32ePca (D = \ctrl_merged [3:0], Q = \ctrl_q [3:0]).
Adding EN signal on $procdff$866 ($adff) from module Apb4Rv32ePca (D = $0\done_sticky_q[0:0], Q = \done_sticky_q).

8.8.7. Executing OPT_CLEAN pass (remove unused cells and wires).
Finding unused cells or wires in module \Rv32ePca..
Finding unused cells or wires in module \PcaDatapath..
Finding unused cells or wires in module \Apb4Rv32ePca..
Removed 36 unused cells and 36 unused wires.
<suppressed ~38 debug messages>

8.8.8. Executing OPT_EXPR pass (perform const folding).
Optimizing module Rv32ePca.
Optimizing module PcaDatapath.
Optimizing module Apb4Rv32ePca.
<suppressed ~6 debug messages>

8.8.9. Rerunning OPT passes. (Maybe there is more to do..)

8.8.10. Executing OPT_MUXTREE pass (detect dead branches in mux trees).
Running muxtree optimizer on module \Rv32ePca..
  Creating internal representation of mux trees.
  No muxes found in this module.
Running muxtree optimizer on module \PcaDatapath..
  Creating internal representation of mux trees.
  Evaluating internal representation of mux trees.
  Analyzing evaluation results.
Running muxtree optimizer on module \Apb4Rv32ePca..
  Creating internal representation of mux trees.
  Evaluating internal representation of mux trees.
  Analyzing evaluation results.
Removed 0 multiplexer ports.
<suppressed ~52 debug messages>

8.8.11. Executing OPT_REDUCE pass (consolidate $*mux and $reduce_* inputs).
  Optimizing cells in module \Rv32ePca.
  Optimizing cells in module \PcaDatapath.
  Optimizing cells in module \Apb4Rv32ePca.
Performed a total of 0 changes.

8.8.12. Executing OPT_MERGE pass (detect identical cells).
Finding identical cells in module `\Rv32ePca'.
Computing hashes of 4 cells of `\Rv32ePca'.
Finding duplicate cells in `\Rv32ePca'.
Finding identical cells in module `\PcaDatapath'.
Computing hashes of 62 cells of `\PcaDatapath'.
Finding duplicate cells in `\PcaDatapath'.
Finding identical cells in module `\Apb4Rv32ePca'.
Computing hashes of 97 cells of `\Apb4Rv32ePca'.
Finding duplicate cells in `\Apb4Rv32ePca'.
Computing hashes of 96 cells of `\Apb4Rv32ePca'.
Finding duplicate cells in `\Apb4Rv32ePca'.
<suppressed ~3 debug messages>
Removed a total of 1 cells.

8.8.13. Executing OPT_DFF pass (perform DFF optimizations).

8.8.14. Executing OPT_CLEAN pass (remove unused cells and wires).
Finding unused cells or wires in module \Rv32ePca..
Finding unused cells or wires in module \PcaDatapath..
Finding unused cells or wires in module \Apb4Rv32ePca..
Removed 0 unused cells and 1 unused wires.
<suppressed ~1 debug messages>

8.8.15. Executing OPT_EXPR pass (perform const folding).
Optimizing module Rv32ePca.
Optimizing module PcaDatapath.
Optimizing module Apb4Rv32ePca.

8.8.16. Rerunning OPT passes. (Maybe there is more to do..)

8.8.17. Executing OPT_MUXTREE pass (detect dead branches in mux trees).
Running muxtree optimizer on module \Rv32ePca..
  Creating internal representation of mux trees.
  No muxes found in this module.
Running muxtree optimizer on module \PcaDatapath..
  Creating internal representation of mux trees.
  Evaluating internal representation of mux trees.
  Analyzing evaluation results.
Running muxtree optimizer on module \Apb4Rv32ePca..
  Creating internal representation of mux trees.
  Evaluating internal representation of mux trees.
  Analyzing evaluation results.
Removed 0 multiplexer ports.
<suppressed ~52 debug messages>

8.8.18. Executing OPT_REDUCE pass (consolidate $*mux and $reduce_* inputs).
  Optimizing cells in module \Rv32ePca.
  Optimizing cells in module \PcaDatapath.
  Optimizing cells in module \Apb4Rv32ePca.
Performed a total of 0 changes.

8.8.19. Executing OPT_MERGE pass (detect identical cells).
Finding identical cells in module `\Rv32ePca'.
Computing hashes of 4 cells of `\Rv32ePca'.
Finding duplicate cells in `\Rv32ePca'.
Finding identical cells in module `\PcaDatapath'.
Computing hashes of 62 cells of `\PcaDatapath'.
Finding duplicate cells in `\PcaDatapath'.
Finding identical cells in module `\Apb4Rv32ePca'.
Computing hashes of 96 cells of `\Apb4Rv32ePca'.
Finding duplicate cells in `\Apb4Rv32ePca'.
Removed a total of 0 cells.

8.8.20. Executing OPT_DFF pass (perform DFF optimizations).

8.8.21. Executing OPT_CLEAN pass (remove unused cells and wires).
Finding unused cells or wires in module \Rv32ePca..
Finding unused cells or wires in module \PcaDatapath..
Finding unused cells or wires in module \Apb4Rv32ePca..

8.8.22. Executing OPT_EXPR pass (perform const folding).
Optimizing module Rv32ePca.
Optimizing module PcaDatapath.
Optimizing module Apb4Rv32ePca.

8.8.23. Finished fast OPT passes. (There is nothing left to do.)

8.9. Executing WREDUCE pass (reducing word size of cells).
Removed top 24 bits (of 32) from wire Rv32ePca.apb_paddr.
Converting cell PcaDatapath.$add$/home/ultra9/mpc-frame/designs/rv32e-pca-5000inst/rtl/PcaDatapath.v:81$136 ($add) from unsigned to signed.
Removed top 16 bits (of 32) from port A of cell PcaDatapath.$add$/home/ultra9/mpc-frame/designs/rv32e-pca-5000inst/rtl/PcaDatapath.v:81$136 ($add).
Removed top 16 bits (of 32) from port B of cell PcaDatapath.$add$/home/ultra9/mpc-frame/designs/rv32e-pca-5000inst/rtl/PcaDatapath.v:81$136 ($add).
Removed top 15 bits (of 32) from port Y of cell PcaDatapath.$add$/home/ultra9/mpc-frame/designs/rv32e-pca-5000inst/rtl/PcaDatapath.v:81$136 ($add).
Converting cell PcaDatapath.$add$/home/ultra9/mpc-frame/designs/rv32e-pca-5000inst/rtl/PcaDatapath.v:81$137 ($add) from unsigned to signed.
Removed top 15 bits (of 32) from port A of cell PcaDatapath.$add$/home/ultra9/mpc-frame/designs/rv32e-pca-5000inst/rtl/PcaDatapath.v:81$137 ($add).
Removed top 16 bits (of 32) from port B of cell PcaDatapath.$add$/home/ultra9/mpc-frame/designs/rv32e-pca-5000inst/rtl/PcaDatapath.v:81$137 ($add).
Removed top 14 bits (of 32) from port Y of cell PcaDatapath.$add$/home/ultra9/mpc-frame/designs/rv32e-pca-5000inst/rtl/PcaDatapath.v:81$137 ($add).
Converting cell PcaDatapath.$add$/home/ultra9/mpc-frame/designs/rv32e-pca-5000inst/rtl/PcaDatapath.v:81$138 ($add) from unsigned to signed.
Removed top 14 bits (of 32) from port A of cell PcaDatapath.$add$/home/ultra9/mpc-frame/designs/rv32e-pca-5000inst/rtl/PcaDatapath.v:81$138 ($add).
Removed top 16 bits (of 32) from port B of cell PcaDatapath.$add$/home/ultra9/mpc-frame/designs/rv32e-pca-5000inst/rtl/PcaDatapath.v:81$138 ($add).
Removed top 13 bits (of 32) from port Y of cell PcaDatapath.$add$/home/ultra9/mpc-frame/designs/rv32e-pca-5000inst/rtl/PcaDatapath.v:81$138 ($add).
Removed top 24 bits (of 32) from port A of cell PcaDatapath.$add$/home/ultra9/mpc-frame/designs/rv32e-pca-5000inst/rtl/PcaDatapath.v:96$155 ($add).
Removed top 24 bits (of 32) from port B of cell PcaDatapath.$add$/home/ultra9/mpc-frame/designs/rv32e-pca-5000inst/rtl/PcaDatapath.v:96$155 ($add).
Removed top 23 bits (of 32) from port Y of cell PcaDatapath.$add$/home/ultra9/mpc-frame/designs/rv32e-pca-5000inst/rtl/PcaDatapath.v:96$155 ($add).
Removed top 23 bits (of 32) from port A of cell PcaDatapath.$add$/home/ultra9/mpc-frame/designs/rv32e-pca-5000inst/rtl/PcaDatapath.v:96$156 ($add).
Removed top 24 bits (of 32) from port B of cell PcaDatapath.$add$/home/ultra9/mpc-frame/designs/rv32e-pca-5000inst/rtl/PcaDatapath.v:96$156 ($add).
Removed top 22 bits (of 32) from port Y of cell PcaDatapath.$add$/home/ultra9/mpc-frame/designs/rv32e-pca-5000inst/rtl/PcaDatapath.v:96$156 ($add).
Removed top 22 bits (of 32) from port A of cell PcaDatapath.$add$/home/ultra9/mpc-frame/designs/rv32e-pca-5000inst/rtl/PcaDatapath.v:96$157 ($add).
Removed top 24 bits (of 32) from port B of cell PcaDatapath.$add$/home/ultra9/mpc-frame/designs/rv32e-pca-5000inst/rtl/PcaDatapath.v:96$157 ($add).
Removed top 21 bits (of 32) from port Y of cell PcaDatapath.$add$/home/ultra9/mpc-frame/designs/rv32e-pca-5000inst/rtl/PcaDatapath.v:96$157 ($add).
Removed top 21 bits (of 32) from port B of cell PcaDatapath.$add$/home/ultra9/mpc-frame/designs/rv32e-pca-5000inst/rtl/PcaDatapath.v:123$169 ($add).
Removed top 1 bits (of 4) from port B of cell PcaDatapath.$procmux$272_CMP0 ($eq).
Removed top 1 bits (of 4) from port B of cell PcaDatapath.$procmux$273_CMP0 ($eq).
Removed top 1 bits (of 4) from port B of cell PcaDatapath.$procmux$274_CMP0 ($eq).
Removed top 1 bits (of 4) from port B of cell PcaDatapath.$procmux$275_CMP0 ($eq).
Removed top 2 bits (of 4) from port B of cell PcaDatapath.$procmux$276_CMP0 ($eq).
Removed top 2 bits (of 4) from port B of cell PcaDatapath.$procmux$277_CMP0 ($eq).
Removed top 3 bits (of 4) from port B of cell PcaDatapath.$procmux$278_CMP0 ($eq).
Removed top 22 bits (of 32) from wire PcaDatapath.$add$/home/ultra9/mpc-frame/designs/rv32e-pca-5000inst/rtl/PcaDatapath.v:96$156_Y.
Removed top 23 bits (of 32) from wire PcaDatapath.$add$/home/ultra9/mpc-frame/designs/rv32e-pca-5000inst/rtl/PcaDatapath.v:96$155_Y.
Removed top 21 bits (of 32) from wire PcaDatapath.sad_sum.
Removed top 7 bits (of 8) from wire PcaDatapath.cycles_q.
Removed top 28 address bits (of 32) from memory init port Apb4Rv32ePca.$auto$mem.cc:351:emit$183 ($auto$proc_rom.cc:155:do_switch$181).
Removed top 7 bits (of 8) from mux cell Apb4Rv32ePca.$procmux$287 ($mux).
Removed top 4 bits (of 8) from mux cell Apb4Rv32ePca.$procmux$290 ($mux).
Removed top 2 bits (of 6) from port B of cell Apb4Rv32ePca.$procmux$347_CMP0 ($eq).
Removed top 3 bits (of 6) from port B of cell Apb4Rv32ePca.$procmux$358_CMP0 ($eq).
Removed top 4 bits (of 6) from port B of cell Apb4Rv32ePca.$procmux$362_CMP0 ($eq).
Removed top 5 bits (of 6) from port B of cell Apb4Rv32ePca.$procmux$363_CMP0 ($eq).
Removed top 3 bits (of 6) from port B of cell Apb4Rv32ePca.$procmux$550_CMP0 ($eq).
Removed top 3 bits (of 6) from port B of cell Apb4Rv32ePca.$procmux$561_CMP0 ($eq).
Removed top 3 bits (of 6) from port B of cell Apb4Rv32ePca.$procmux$814_CMP0 ($eq).
Removed top 4 bits (of 6) from port B of cell Apb4Rv32ePca.$procmux$826_CMP0 ($eq).
Removed top 2 bits (of 6) from port B of cell Apb4Rv32ePca.$procmux$831_CMP4 ($eq).
Removed top 23 bits (of 32) from wire Apb4Rv32ePca.merge_wstrb$func$/home/ultra9/mpc-frame/designs/rv32e-pca-5000inst/rtl/Apb4Rv32ePca.v:94$2.$result.
Removed top 23 bits (of 32) from wire Apb4Rv32ePca.ctrl_merged.

8.10. Executing PEEPOPT pass (run peephole optimizers).

8.11. Executing OPT_CLEAN pass (remove unused cells and wires).
Finding unused cells or wires in module \Rv32ePca..
Finding unused cells or wires in module \PcaDatapath..
Finding unused cells or wires in module \Apb4Rv32ePca..
Removed 0 unused cells and 8 unused wires.
<suppressed ~3 debug messages>

8.12. Executing ALUMACC pass (create $alu and $macc cells).
Extracting $alu and $macc cells in module Rv32ePca:
  created 0 $alu and 0 $macc cells.
Extracting $alu and $macc cells in module PcaDatapath:
  creating $macc model for $add$/home/ultra9/mpc-frame/designs/rv32e-pca-5000inst/rtl/PcaDatapath.v:123$169 ($add).
  creating $macc model for $add$/home/ultra9/mpc-frame/designs/rv32e-pca-5000inst/rtl/PcaDatapath.v:122$168 ($add).
  creating $macc model for $sub$/home/ultra9/mpc-frame/designs/rv32e-pca-5000inst/rtl/PcaDatapath.v:112$166 ($sub).
  creating $macc model for $sub$/home/ultra9/mpc-frame/designs/rv32e-pca-5000inst/rtl/PcaDatapath.v:111$165 ($sub).
  creating $macc model for $sub$/home/ultra9/mpc-frame/designs/rv32e-pca-5000inst/rtl/PcaDatapath.v:110$164 ($sub).
  creating $macc model for $sub$/home/ultra9/mpc-frame/designs/rv32e-pca-5000inst/rtl/PcaDatapath.v:109$163 ($sub).
  creating $macc model for $add$/home/ultra9/mpc-frame/designs/rv32e-pca-5000inst/rtl/PcaDatapath.v:106$162 ($add).
  creating $macc model for $add$/home/ultra9/mpc-frame/designs/rv32e-pca-5000inst/rtl/PcaDatapath.v:105$161 ($add).
  creating $macc model for $add$/home/ultra9/mpc-frame/designs/rv32e-pca-5000inst/rtl/PcaDatapath.v:104$160 ($add).
  creating $macc model for $add$/home/ultra9/mpc-frame/designs/rv32e-pca-5000inst/rtl/PcaDatapath.v:103$159 ($add).
  creating $macc model for $add$/home/ultra9/mpc-frame/designs/rv32e-pca-5000inst/rtl/PcaDatapath.v:96$157 ($add).
  creating $macc model for $add$/home/ultra9/mpc-frame/designs/rv32e-pca-5000inst/rtl/PcaDatapath.v:96$156 ($add).
  creating $macc model for $add$/home/ultra9/mpc-frame/designs/rv32e-pca-5000inst/rtl/PcaDatapath.v:96$155 ($add).
  creating $macc model for $sub$/home/ultra9/mpc-frame/designs/rv32e-pca-5000inst/rtl/PcaDatapath.v:95$153 ($sub).
  creating $macc model for $sub$/home/ultra9/mpc-frame/designs/rv32e-pca-5000inst/rtl/PcaDatapath.v:92$149 ($sub).
  creating $macc model for $sub$/home/ultra9/mpc-frame/designs/rv32e-pca-5000inst/rtl/PcaDatapath.v:89$145 ($sub).
  creating $macc model for $sub$/home/ultra9/mpc-frame/designs/rv32e-pca-5000inst/rtl/PcaDatapath.v:86$141 ($sub).
  creating $macc model for $add$/home/ultra9/mpc-frame/designs/rv32e-pca-5000inst/rtl/PcaDatapath.v:81$138 ($add).
  creating $macc model for $add$/home/ultra9/mpc-frame/designs/rv32e-pca-5000inst/rtl/PcaDatapath.v:81$137 ($add).
  creating $macc model for $add$/home/ultra9/mpc-frame/designs/rv32e-pca-5000inst/rtl/PcaDatapath.v:81$136 ($add).
  creating $macc model for $mul$/home/ultra9/mpc-frame/designs/rv32e-pca-5000inst/rtl/PcaDatapath.v:75$135 ($mul).
  creating $macc model for $mul$/home/ultra9/mpc-frame/designs/rv32e-pca-5000inst/rtl/PcaDatapath.v:74$134 ($mul).
  creating $macc model for $mul$/home/ultra9/mpc-frame/designs/rv32e-pca-5000inst/rtl/PcaDatapath.v:73$133 ($mul).
  creating $macc model for $mul$/home/ultra9/mpc-frame/designs/rv32e-pca-5000inst/rtl/PcaDatapath.v:72$132 ($mul).
  merging $macc model for $mul$/home/ultra9/mpc-frame/designs/rv32e-pca-5000inst/rtl/PcaDatapath.v:72$132 into $add$/home/ultra9/mpc-frame/designs/rv32e-pca-5000inst/rtl/PcaDatapath.v:81$136.
  merging $macc model for $mul$/home/ultra9/mpc-frame/designs/rv32e-pca-5000inst/rtl/PcaDatapath.v:73$133 into $add$/home/ultra9/mpc-frame/designs/rv32e-pca-5000inst/rtl/PcaDatapath.v:81$136.
  merging $macc model for $add$/home/ultra9/mpc-frame/designs/rv32e-pca-5000inst/rtl/PcaDatapath.v:81$136 into $add$/home/ultra9/mpc-frame/designs/rv32e-pca-5000inst/rtl/PcaDatapath.v:81$137.
  merging $macc model for $mul$/home/ultra9/mpc-frame/designs/rv32e-pca-5000inst/rtl/PcaDatapath.v:74$134 into $add$/home/ultra9/mpc-frame/designs/rv32e-pca-5000inst/rtl/PcaDatapath.v:81$137.
  merging $macc model for $add$/home/ultra9/mpc-frame/designs/rv32e-pca-5000inst/rtl/PcaDatapath.v:81$137 into $add$/home/ultra9/mpc-frame/designs/rv32e-pca-5000inst/rtl/PcaDatapath.v:81$138.
  merging $macc model for $mul$/home/ultra9/mpc-frame/designs/rv32e-pca-5000inst/rtl/PcaDatapath.v:75$135 into $add$/home/ultra9/mpc-frame/designs/rv32e-pca-5000inst/rtl/PcaDatapath.v:81$138.
  merging $macc model for $add$/home/ultra9/mpc-frame/designs/rv32e-pca-5000inst/rtl/PcaDatapath.v:96$155 into $add$/home/ultra9/mpc-frame/designs/rv32e-pca-5000inst/rtl/PcaDatapath.v:96$156.
  merging $macc model for $add$/home/ultra9/mpc-frame/designs/rv32e-pca-5000inst/rtl/PcaDatapath.v:96$156 into $add$/home/ultra9/mpc-frame/designs/rv32e-pca-5000inst/rtl/PcaDatapath.v:96$157.
  merging $macc model for $add$/home/ultra9/mpc-frame/designs/rv32e-pca-5000inst/rtl/PcaDatapath.v:96$157 into $add$/home/ultra9/mpc-frame/designs/rv32e-pca-5000inst/rtl/PcaDatapath.v:123$169.
  creating $alu model for $macc $sub$/home/ultra9/mpc-frame/designs/rv32e-pca-5000inst/rtl/PcaDatapath.v:92$149.
  creating $alu model for $macc $sub$/home/ultra9/mpc-frame/designs/rv32e-pca-5000inst/rtl/PcaDatapath.v:95$153.
  creating $alu model for $macc $sub$/home/ultra9/mpc-frame/designs/rv32e-pca-5000inst/rtl/PcaDatapath.v:86$141.
  creating $alu model for $macc $sub$/home/ultra9/mpc-frame/designs/rv32e-pca-5000inst/rtl/PcaDatapath.v:89$145.
  creating $alu model for $macc $add$/home/ultra9/mpc-frame/designs/rv32e-pca-5000inst/rtl/PcaDatapath.v:103$159.
  creating $alu model for $macc $add$/home/ultra9/mpc-frame/designs/rv32e-pca-5000inst/rtl/PcaDatapath.v:104$160.
  creating $alu model for $macc $add$/home/ultra9/mpc-frame/designs/rv32e-pca-5000inst/rtl/PcaDatapath.v:105$161.
  creating $alu model for $macc $add$/home/ultra9/mpc-frame/designs/rv32e-pca-5000inst/rtl/PcaDatapath.v:106$162.
  creating $alu model for $macc $sub$/home/ultra9/mpc-frame/designs/rv32e-pca-5000inst/rtl/PcaDatapath.v:109$163.
  creating $alu model for $macc $sub$/home/ultra9/mpc-frame/designs/rv32e-pca-5000inst/rtl/PcaDatapath.v:110$164.
  creating $alu model for $macc $sub$/home/ultra9/mpc-frame/designs/rv32e-pca-5000inst/rtl/PcaDatapath.v:111$165.
  creating $alu model for $macc $sub$/home/ultra9/mpc-frame/designs/rv32e-pca-5000inst/rtl/PcaDatapath.v:112$166.
  creating $alu model for $macc $add$/home/ultra9/mpc-frame/designs/rv32e-pca-5000inst/rtl/PcaDatapath.v:122$168.
  creating $macc cell for $add$/home/ultra9/mpc-frame/designs/rv32e-pca-5000inst/rtl/PcaDatapath.v:81$138: $auto$alumacc.cc:399:replace_macc$1055
  creating $macc cell for $add$/home/ultra9/mpc-frame/designs/rv32e-pca-5000inst/rtl/PcaDatapath.v:123$169: $auto$alumacc.cc:399:replace_macc$1056
  creating $alu model for $ge$/home/ultra9/mpc-frame/designs/rv32e-pca-5000inst/rtl/PcaDatapath.v:93$151 ($ge): merged with $sub$/home/ultra9/mpc-frame/designs/rv32e-pca-5000inst/rtl/PcaDatapath.v:112$166.
  creating $alu model for $ge$/home/ultra9/mpc-frame/designs/rv32e-pca-5000inst/rtl/PcaDatapath.v:90$147 ($ge): merged with $sub$/home/ultra9/mpc-frame/designs/rv32e-pca-5000inst/rtl/PcaDatapath.v:111$165.
  creating $alu model for $ge$/home/ultra9/mpc-frame/designs/rv32e-pca-5000inst/rtl/PcaDatapath.v:87$143 ($ge): merged with $sub$/home/ultra9/mpc-frame/designs/rv32e-pca-5000inst/rtl/PcaDatapath.v:110$164.
  creating $alu model for $ge$/home/ultra9/mpc-frame/designs/rv32e-pca-5000inst/rtl/PcaDatapath.v:84$139 ($ge): merged with $sub$/home/ultra9/mpc-frame/designs/rv32e-pca-5000inst/rtl/PcaDatapath.v:109$163.
  creating $alu cell for $add$/home/ultra9/mpc-frame/designs/rv32e-pca-5000inst/rtl/PcaDatapath.v:122$168: $auto$alumacc.cc:548:replace_alu$1057
  creating $alu cell for $sub$/home/ultra9/mpc-frame/designs/rv32e-pca-5000inst/rtl/PcaDatapath.v:112$166, $ge$/home/ultra9/mpc-frame/designs/rv32e-pca-5000inst/rtl/PcaDatapath.v:93$151: $auto$alumacc.cc:548:replace_alu$1060
  creating $alu cell for $add$/home/ultra9/mpc-frame/designs/rv32e-pca-5000inst/rtl/PcaDatapath.v:106$162: $auto$alumacc.cc:548:replace_alu$1073
  creating $alu cell for $sub$/home/ultra9/mpc-frame/designs/rv32e-pca-5000inst/rtl/PcaDatapath.v:111$165, $ge$/home/ultra9/mpc-frame/designs/rv32e-pca-5000inst/rtl/PcaDatapath.v:90$147: $auto$alumacc.cc:548:replace_alu$1076
  creating $alu cell for $add$/home/ultra9/mpc-frame/designs/rv32e-pca-5000inst/rtl/PcaDatapath.v:105$161: $auto$alumacc.cc:548:replace_alu$1089
  creating $alu cell for $sub$/home/ultra9/mpc-frame/designs/rv32e-pca-5000inst/rtl/PcaDatapath.v:110$164, $ge$/home/ultra9/mpc-frame/designs/rv32e-pca-5000inst/rtl/PcaDatapath.v:87$143: $auto$alumacc.cc:548:replace_alu$1092
  creating $alu cell for $add$/home/ultra9/mpc-frame/designs/rv32e-pca-5000inst/rtl/PcaDatapath.v:104$160: $auto$alumacc.cc:548:replace_alu$1105
  creating $alu cell for $sub$/home/ultra9/mpc-frame/designs/rv32e-pca-5000inst/rtl/PcaDatapath.v:109$163, $ge$/home/ultra9/mpc-frame/designs/rv32e-pca-5000inst/rtl/PcaDatapath.v:84$139: $auto$alumacc.cc:548:replace_alu$1108
  creating $alu cell for $add$/home/ultra9/mpc-frame/designs/rv32e-pca-5000inst/rtl/PcaDatapath.v:103$159: $auto$alumacc.cc:548:replace_alu$1121
  creating $alu cell for $sub$/home/ultra9/mpc-frame/designs/rv32e-pca-5000inst/rtl/PcaDatapath.v:89$145: $auto$alumacc.cc:548:replace_alu$1124
  creating $alu cell for $sub$/home/ultra9/mpc-frame/designs/rv32e-pca-5000inst/rtl/PcaDatapath.v:86$141: $auto$alumacc.cc:548:replace_alu$1127
  creating $alu cell for $sub$/home/ultra9/mpc-frame/designs/rv32e-pca-5000inst/rtl/PcaDatapath.v:95$153: $auto$alumacc.cc:548:replace_alu$1130
  creating $alu cell for $sub$/home/ultra9/mpc-frame/designs/rv32e-pca-5000inst/rtl/PcaDatapath.v:92$149: $auto$alumacc.cc:548:replace_alu$1133
  created 13 $alu and 2 $macc cells.
Extracting $alu and $macc cells in module Apb4Rv32ePca:
  created 0 $alu and 0 $macc cells.

8.13. Executing SHARE pass (SAT-based resource sharing).
Found 4 cells in module PcaDatapath that may be considered for resource sharing.
  Analyzing resource sharing options for $mul$/home/ultra9/mpc-frame/designs/rv32e-pca-5000inst/rtl/PcaDatapath.v:72$132 ($mul):
    Found cell that is never activated: $add$/home/ultra9/mpc-frame/designs/rv32e-pca-5000inst/rtl/PcaDatapath.v:81$137
    Found cell that is never activated: $add$/home/ultra9/mpc-frame/designs/rv32e-pca-5000inst/rtl/PcaDatapath.v:81$136
    Found cell that is never activated: $mul$/home/ultra9/mpc-frame/designs/rv32e-pca-5000inst/rtl/PcaDatapath.v:72$132
    Cell is never active. Sharing is pointless, we simply remove it.
  Analyzing resource sharing options for $mul$/home/ultra9/mpc-frame/designs/rv32e-pca-5000inst/rtl/PcaDatapath.v:73$133 ($mul):
    Found cell that is never activated: $mul$/home/ultra9/mpc-frame/designs/rv32e-pca-5000inst/rtl/PcaDatapath.v:73$133
    Cell is never active. Sharing is pointless, we simply remove it.
  Analyzing resource sharing options for $mul$/home/ultra9/mpc-frame/designs/rv32e-pca-5000inst/rtl/PcaDatapath.v:74$134 ($mul):
    Found cell that is never activated: $mul$/home/ultra9/mpc-frame/designs/rv32e-pca-5000inst/rtl/PcaDatapath.v:74$134
    Cell is never active. Sharing is pointless, we simply remove it.
  Analyzing resource sharing options for $mul$/home/ultra9/mpc-frame/designs/rv32e-pca-5000inst/rtl/PcaDatapath.v:75$135 ($mul):
    Found cell that is never activated: $mul$/home/ultra9/mpc-frame/designs/rv32e-pca-5000inst/rtl/PcaDatapath.v:75$135
    Cell is never active. Sharing is pointless, we simply remove it.
Removing 6 cells in module PcaDatapath:
  Removing cell $mul$/home/ultra9/mpc-frame/designs/rv32e-pca-5000inst/rtl/PcaDatapath.v:75$135 ($mul).
  Removing cell $mul$/home/ultra9/mpc-frame/designs/rv32e-pca-5000inst/rtl/PcaDatapath.v:74$134 ($mul).
  Removing cell $mul$/home/ultra9/mpc-frame/designs/rv32e-pca-5000inst/rtl/PcaDatapath.v:73$133 ($mul).
  Removing cell $mul$/home/ultra9/mpc-frame/designs/rv32e-pca-5000inst/rtl/PcaDatapath.v:72$132 ($mul).
  Removing cell $add$/home/ultra9/mpc-frame/designs/rv32e-pca-5000inst/rtl/PcaDatapath.v:81$136 ($add).
  Removing cell $add$/home/ultra9/mpc-frame/designs/rv32e-pca-5000inst/rtl/PcaDatapath.v:81$137 ($add).

8.14. Executing OPT pass (performing simple optimizations).

8.14.1. Executing OPT_EXPR pass (perform const folding).
Optimizing module Rv32ePca.
Optimizing module PcaDatapath.
Optimizing module Apb4Rv32ePca.

8.14.2. Executing OPT_MERGE pass (detect identical cells).
Finding identical cells in module `\Rv32ePca'.
Computing hashes of 4 cells of `\Rv32ePca'.
Finding duplicate cells in `\Rv32ePca'.
Finding identical cells in module `\PcaDatapath'.
Computing hashes of 72 cells of `\PcaDatapath'.
Finding duplicate cells in `\PcaDatapath'.
Finding identical cells in module `\Apb4Rv32ePca'.
Computing hashes of 96 cells of `\Apb4Rv32ePca'.
Finding duplicate cells in `\Apb4Rv32ePca'.
Removed a total of 0 cells.

8.14.3. Executing OPT_MUXTREE pass (detect dead branches in mux trees).
Running muxtree optimizer on module \Rv32ePca..
  Creating internal representation of mux trees.
  No muxes found in this module.
Running muxtree optimizer on module \PcaDatapath..
  Creating internal representation of mux trees.
  Evaluating internal representation of mux trees.
  Analyzing evaluation results.
Running muxtree optimizer on module \Apb4Rv32ePca..
  Creating internal representation of mux trees.
  Evaluating internal representation of mux trees.
  Analyzing evaluation results.
Removed 0 multiplexer ports.
<suppressed ~52 debug messages>

8.14.4. Executing OPT_REDUCE pass (consolidate $*mux and $reduce_* inputs).
  Optimizing cells in module \Rv32ePca.
  Optimizing cells in module \PcaDatapath.
  Optimizing cells in module \Apb4Rv32ePca.
Performed a total of 0 changes.

8.14.5. Executing OPT_MERGE pass (detect identical cells).
Finding identical cells in module `\Rv32ePca'.
Computing hashes of 4 cells of `\Rv32ePca'.
Finding duplicate cells in `\Rv32ePca'.
Finding identical cells in module `\PcaDatapath'.
Computing hashes of 72 cells of `\PcaDatapath'.
Finding duplicate cells in `\PcaDatapath'.
Finding identical cells in module `\Apb4Rv32ePca'.
Computing hashes of 96 cells of `\Apb4Rv32ePca'.
Finding duplicate cells in `\Apb4Rv32ePca'.
Removed a total of 0 cells.

8.14.6. Executing OPT_DFF pass (perform DFF optimizations).

8.14.7. Executing OPT_CLEAN pass (remove unused cells and wires).
Finding unused cells or wires in module \Rv32ePca..
Finding unused cells or wires in module \PcaDatapath..
Finding unused cells or wires in module \Apb4Rv32ePca..
Removed 3 unused cells and 9 unused wires.
<suppressed ~5 debug messages>

8.14.8. Executing OPT_EXPR pass (perform const folding).
Optimizing module Rv32ePca.
Optimizing module PcaDatapath.
Optimizing module Apb4Rv32ePca.

8.14.9. Rerunning OPT passes. (Maybe there is more to do..)

8.14.10. Executing OPT_MUXTREE pass (detect dead branches in mux trees).
Running muxtree optimizer on module \Rv32ePca..
  Creating internal representation of mux trees.
  No muxes found in this module.
Running muxtree optimizer on module \PcaDatapath..
  Creating internal representation of mux trees.
  Evaluating internal representation of mux trees.
  Analyzing evaluation results.
Running muxtree optimizer on module \Apb4Rv32ePca..
  Creating internal representation of mux trees.
  Evaluating internal representation of mux trees.
  Analyzing evaluation results.
Removed 0 multiplexer ports.
<suppressed ~52 debug messages>

8.14.11. Executing OPT_REDUCE pass (consolidate $*mux and $reduce_* inputs).
  Optimizing cells in module \Rv32ePca.
  Optimizing cells in module \PcaDatapath.
  Optimizing cells in module \Apb4Rv32ePca.
Performed a total of 0 changes.

8.14.12. Executing OPT_MERGE pass (detect identical cells).
Finding identical cells in module `\Rv32ePca'.
Computing hashes of 4 cells of `\Rv32ePca'.
Finding duplicate cells in `\Rv32ePca'.
Finding identical cells in module `\PcaDatapath'.
Computing hashes of 69 cells of `\PcaDatapath'.
Finding duplicate cells in `\PcaDatapath'.
Finding identical cells in module `\Apb4Rv32ePca'.
Computing hashes of 96 cells of `\Apb4Rv32ePca'.
Finding duplicate cells in `\Apb4Rv32ePca'.
Removed a total of 0 cells.

8.14.13. Executing OPT_DFF pass (perform DFF optimizations).

8.14.14. Executing OPT_CLEAN pass (remove unused cells and wires).
Finding unused cells or wires in module \Rv32ePca..
Finding unused cells or wires in module \PcaDatapath..
Finding unused cells or wires in module \Apb4Rv32ePca..

8.14.15. Executing OPT_EXPR pass (perform const folding).
Optimizing module Rv32ePca.
Optimizing module PcaDatapath.
Optimizing module Apb4Rv32ePca.

8.14.16. Finished fast OPT passes. (There is nothing left to do.)

8.15. Executing MEMORY pass.

8.15.1. Executing OPT_MEM pass (optimize memories).
Performed a total of 0 transformations.

8.15.2. Executing OPT_MEM_PRIORITY pass (removing unnecessary memory write priority relations).
Performed a total of 0 transformations.

8.15.3. Executing OPT_MEM_FEEDBACK pass (finding memory read-to-write feedback paths).

8.15.4. Executing MEMORY_BMUX2ROM pass (converting muxes to ROMs).

8.15.5. Executing MEMORY_DFF pass (merging $dff cells to $memrd).
Checking read port `$auto$proc_rom.cc:155:do_switch$181'[0] in module `\Apb4Rv32ePca': no output FF found.
Checking read port address `$auto$proc_rom.cc:155:do_switch$181'[0] in module `\Apb4Rv32ePca': no address FF found.

8.15.6. Executing OPT_CLEAN pass (remove unused cells and wires).
Finding unused cells or wires in module \Rv32ePca..
Finding unused cells or wires in module \PcaDatapath..
Finding unused cells or wires in module \Apb4Rv32ePca..

8.15.7. Executing MEMORY_SHARE pass (consolidating $memrd/$memwr cells).

8.15.8. Executing OPT_MEM_WIDEN pass (optimize memories where all ports are wide).
Performed a total of 0 transformations.

8.15.9. Executing OPT_CLEAN pass (remove unused cells and wires).
Finding unused cells or wires in module \Rv32ePca..
Finding unused cells or wires in module \PcaDatapath..
Finding unused cells or wires in module \Apb4Rv32ePca..

8.15.10. Executing MEMORY_COLLECT pass (generating $mem cells).

8.16. Executing OPT_CLEAN pass (remove unused cells and wires).
Finding unused cells or wires in module \Rv32ePca..
Finding unused cells or wires in module \PcaDatapath..
Finding unused cells or wires in module \Apb4Rv32ePca..

9. Executing FLATTEN pass (flatten design).
Deleting now unused module PcaDatapath.
Deleting now unused module Apb4Rv32ePca.
<suppressed ~2 debug messages>

10. Executing OPT pass (performing simple optimizations).

10.1. Executing OPT_EXPR pass (perform const folding).
Optimizing module Rv32ePca.
<suppressed ~48 debug messages>

10.2. Executing OPT_MERGE pass (detect identical cells).
Finding identical cells in module `\Rv32ePca'.
Computing hashes of 153 cells of `\Rv32ePca'.
Finding duplicate cells in `\Rv32ePca'.
Removed a total of 0 cells.

10.3. Executing OPT_MUXTREE pass (detect dead branches in mux trees).
Running muxtree optimizer on module \Rv32ePca..
  Creating internal representation of mux trees.
  Evaluating internal representation of mux trees.
  Analyzing evaluation results.
Removed 0 multiplexer ports.
<suppressed ~34 debug messages>

10.4. Executing OPT_REDUCE pass (consolidate $*mux and $reduce_* inputs).
  Optimizing cells in module \Rv32ePca.
    New ctrl vector for $pmux cell $flatten\u_apb4_pca.$procmux$304: { $flatten\u_apb4_pca.$procmux$296_CMP $flatten\u_apb4_pca.$procmux$297_CMP $flatten\u_apb4_pca.$procmux$298_CMP $flatten\u_apb4_pca.$procmux$299_CMP $flatten\u_apb4_pca.$procmux$310_CMP $flatten\u_apb4_pca.$eq$/home/ultra9/mpc-frame/designs/rv32e-pca-5000inst/rtl/Apb4Rv32ePca.v:96$10_Y }
    New ctrl vector for $pmux cell $flatten\u_apb4_pca.$procmux$324: { $flatten\u_apb4_pca.$auto$opt_reduce.cc:137:opt_pmux$963 $flatten\u_apb4_pca.$eq$/home/ultra9/mpc-frame/designs/rv32e-pca-5000inst/rtl/Apb4Rv32ePca.v:96$10_Y $flatten\u_apb4_pca.$procmux$310_CMP $flatten\u_apb4_pca.$procmux$299_CMP $flatten\u_apb4_pca.$procmux$298_CMP $flatten\u_apb4_pca.$procmux$297_CMP $flatten\u_apb4_pca.$procmux$296_CMP }
    New ctrl vector for $pmux cell $flatten\u_apb4_pca.$procmux$336: { $flatten\u_apb4_pca.$procmux$296_CMP $flatten\u_apb4_pca.$procmux$297_CMP $flatten\u_apb4_pca.$procmux$298_CMP $flatten\u_apb4_pca.$procmux$299_CMP $flatten\u_apb4_pca.$eq$/home/ultra9/mpc-frame/designs/rv32e-pca-5000inst/rtl/Apb4Rv32ePca.v:96$10_Y $flatten\u_apb4_pca.$procmux$301_CMP }
    New ctrl vector for $pmux cell $flatten\u_apb4_pca.$procmux$346: { $flatten\u_apb4_pca.$procmux$296_CMP $flatten\u_apb4_pca.$procmux$297_CMP $flatten\u_apb4_pca.$procmux$298_CMP $flatten\u_apb4_pca.$procmux$299_CMP $flatten\u_apb4_pca.$procmux$310_CMP $flatten\u_apb4_pca.$eq$/home/ultra9/mpc-frame/designs/rv32e-pca-5000inst/rtl/Apb4Rv32ePca.v:96$10_Y }
  Optimizing cells in module \Rv32ePca.
Performed a total of 4 changes.

10.5. Executing OPT_MERGE pass (detect identical cells).
Finding identical cells in module `\Rv32ePca'.
Computing hashes of 153 cells of `\Rv32ePca'.
Finding duplicate cells in `\Rv32ePca'.
Removed a total of 0 cells.

10.6. Executing OPT_SHARE pass.

10.7. Executing OPT_DFF pass (perform DFF optimizations).

10.8. Executing OPT_CLEAN pass (remove unused cells and wires).
Finding unused cells or wires in module \Rv32ePca..
Removed 1 unused cells and 17 unused wires.
<suppressed ~3 debug messages>

10.9. Executing OPT_EXPR pass (perform const folding).
Optimizing module Rv32ePca.

10.10. Rerunning OPT passes. (Maybe there is more to do..)

10.11. Executing OPT_MUXTREE pass (detect dead branches in mux trees).
Running muxtree optimizer on module \Rv32ePca..
  Creating internal representation of mux trees.
  Evaluating internal representation of mux trees.
  Analyzing evaluation results.
Removed 0 multiplexer ports.
<suppressed ~34 debug messages>

10.12. Executing OPT_REDUCE pass (consolidate $*mux and $reduce_* inputs).
  Optimizing cells in module \Rv32ePca.
Performed a total of 0 changes.

10.13. Executing OPT_MERGE pass (detect identical cells).
Finding identical cells in module `\Rv32ePca'.
Computing hashes of 152 cells of `\Rv32ePca'.
Finding duplicate cells in `\Rv32ePca'.
Removed a total of 0 cells.

10.14. Executing OPT_SHARE pass.

10.15. Executing OPT_DFF pass (perform DFF optimizations).

10.16. Executing OPT_CLEAN pass (remove unused cells and wires).
Finding unused cells or wires in module \Rv32ePca..

10.17. Executing OPT_EXPR pass (perform const folding).
Optimizing module Rv32ePca.

10.18. Finished fast OPT passes. (There is nothing left to do.)

11. Executing SHARE pass (SAT-based resource sharing).

12. Executing ONEHOT pass.

13. Executing MUXPACK pass ($mux cell cascades to $pmux).
Converted 0 (p)mux cells into 0 pmux cells.

14. Executing OPT_DEMORGAN pass (push inverters through $reduce_* cells).
Warning: Feature 'opt_demorgan' is deprecated.
Inspecting $reduce_and cell $flatten\u_apb4_pca.$auto$simple.cc:211:make_patterns_logic$1016 (3 inputs)
  0 / 3 inputs are inverted, not pushing
Inspecting $reduce_and cell $flatten\u_apb4_pca.$auto$simple.cc:211:make_patterns_logic$1004 (3 inputs)
  0 / 3 inputs are inverted, not pushing
Inspecting $reduce_and cell $flatten\u_apb4_pca.$auto$simple.cc:211:make_patterns_logic$1007 (3 inputs)
  0 / 3 inputs are inverted, not pushing
Inspecting $reduce_and cell $flatten\u_apb4_pca.$auto$simple.cc:211:make_patterns_logic$1038 (3 inputs)
  0 / 3 inputs are inverted, not pushing
Inspecting $reduce_and cell $flatten\u_apb4_pca.$auto$simple.cc:211:make_patterns_logic$1010 (3 inputs)
  0 / 3 inputs are inverted, not pushing
Inspecting $reduce_and cell $flatten\u_apb4_pca.$auto$simple.cc:211:make_patterns_logic$1019 (3 inputs)
  0 / 3 inputs are inverted, not pushing
Inspecting $reduce_or cell $flatten\u_apb4_pca.$procmux$831_ANY (5 inputs)
  0 / 5 inputs are inverted, not pushing
Inspecting $reduce_and cell $flatten\u_apb4_pca.$auto$simple.cc:211:make_patterns_logic$1047 (3 inputs)
  0 / 3 inputs are inverted, not pushing
Inspecting $reduce_and cell $flatten\u_apb4_pca.$auto$simple.cc:211:make_patterns_logic$1028 (3 inputs)
  0 / 3 inputs are inverted, not pushing
Inspecting $reduce_and cell $flatten\u_apb4_pca.$auto$simple.cc:211:make_patterns_logic$1033 (4 inputs)
  0 / 4 inputs are inverted, not pushing
Inspecting $reduce_and cell $flatten\u_apb4_pca.$auto$simple.cc:211:make_patterns_logic$1013 (3 inputs)
  0 / 3 inputs are inverted, not pushing
Inspecting $reduce_or cell $flatten\u_apb4_pca.$auto$opt_reduce.cc:131:opt_pmux$962 (2 inputs)
  0 / 2 inputs are inverted, not pushing
Inspecting $reduce_and cell $flatten\u_apb4_pca.$auto$simple.cc:211:make_patterns_logic$986 (3 inputs)
  0 / 3 inputs are inverted, not pushing
Inspecting $reduce_and cell $flatten\u_apb4_pca.$auto$simple.cc:211:make_patterns_logic$989 (3 inputs)
  0 / 3 inputs are inverted, not pushing
Inspecting $reduce_and cell $flatten\u_apb4_pca.$auto$simple.cc:211:make_patterns_logic$992 (3 inputs)
  0 / 3 inputs are inverted, not pushing
Inspecting $reduce_and cell $flatten\u_apb4_pca.$auto$simple.cc:211:make_patterns_logic$995 (3 inputs)
  0 / 3 inputs are inverted, not pushing
Inspecting $reduce_and cell $flatten\u_apb4_pca.$auto$simple.cc:211:make_patterns_logic$998 (3 inputs)
  0 / 3 inputs are inverted, not pushing
Inspecting $reduce_and cell $flatten\u_apb4_pca.$auto$simple.cc:211:make_patterns_logic$1001 (3 inputs)
  0 / 3 inputs are inverted, not pushing
Inspecting $reduce_and cell $flatten\u_apb4_pca.\u_datapath.$auto$alumacc.cc:96:get_eq$1081 (8 inputs)
  0 / 8 inputs are inverted, not pushing
Inspecting $reduce_and cell $flatten\u_apb4_pca.\u_datapath.$auto$alumacc.cc:96:get_eq$1065 (8 inputs)
  0 / 8 inputs are inverted, not pushing
Inspecting $reduce_or cell $flatten\u_apb4_pca.\u_datapath.$auto$simple.cc:236:combine_resets$981 (2 inputs)
  0 / 2 inputs are inverted, not pushing
Inspecting $reduce_and cell $flatten\u_apb4_pca.\u_datapath.$auto$simple.cc:211:make_patterns_logic$978 (2 inputs)
  0 / 2 inputs are inverted, not pushing
Inspecting $reduce_or cell $flatten\u_apb4_pca.\u_datapath.$auto$alumacc.cc:584:replace_alu$1071 (2 inputs)
  0 / 2 inputs are inverted, not pushing
Inspecting $reduce_or cell $flatten\u_apb4_pca.\u_datapath.$auto$alumacc.cc:584:replace_alu$1087 (2 inputs)
  0 / 2 inputs are inverted, not pushing
Inspecting $reduce_or cell $flatten\u_apb4_pca.\u_datapath.$auto$alumacc.cc:584:replace_alu$1103 (2 inputs)
  0 / 2 inputs are inverted, not pushing
Inspecting $reduce_or cell $flatten\u_apb4_pca.\u_datapath.$auto$alumacc.cc:584:replace_alu$1119 (2 inputs)
  0 / 2 inputs are inverted, not pushing
Inspecting $reduce_and cell $flatten\u_apb4_pca.\u_datapath.$auto$alumacc.cc:96:get_eq$1097 (8 inputs)
  0 / 8 inputs are inverted, not pushing
Inspecting $reduce_and cell $flatten\u_apb4_pca.\u_datapath.$auto$alumacc.cc:96:get_eq$1113 (8 inputs)
  0 / 8 inputs are inverted, not pushing

15. Executing OPT_FFINV pass (push inverters through FFs).
Discovering LUTs.
Pushed 0 inverters.

16. Executing OPT pass (performing simple optimizations).

16.1. Executing OPT_EXPR pass (perform const folding).
Optimizing module Rv32ePca.

16.2. Executing OPT_MERGE pass (detect identical cells).
Finding identical cells in module `\Rv32ePca'.
Computing hashes of 152 cells of `\Rv32ePca'.
Finding duplicate cells in `\Rv32ePca'.
Removed a total of 0 cells.

16.3. Executing OPT_DFF pass (perform DFF optimizations).

16.4. Executing OPT_CLEAN pass (remove unused cells and wires).
Finding unused cells or wires in module \Rv32ePca..
Removed 2 unused cells and 52 unused wires.
<suppressed ~54 debug messages>

16.5. Finished fast OPT passes.

17. Executing SYNTH pass.

17.1. Executing OPT pass (performing simple optimizations).

17.1.1. Executing OPT_EXPR pass (perform const folding).
Optimizing module Rv32ePca.

17.1.2. Executing OPT_MERGE pass (detect identical cells).
Finding identical cells in module `\Rv32ePca'.
Computing hashes of 150 cells of `\Rv32ePca'.
Finding duplicate cells in `\Rv32ePca'.
Removed a total of 0 cells.

17.1.3. Executing OPT_DFF pass (perform DFF optimizations).

17.1.4. Executing OPT_CLEAN pass (remove unused cells and wires).
Finding unused cells or wires in module \Rv32ePca..

17.1.5. Finished fast OPT passes.

17.2. Executing MEMORY_MAP pass (converting memories to logic and flip-flops).
Mapping memory $flatten\u_apb4_pca.$auto$proc_rom.cc:155:do_switch$181 in module \Rv32ePca:
  created 16 $dff cells and 0 static cells of width 1.
  read interface: 0 $dff and 15 $mux cells.
  write interface: 0 write mux blocks.

17.3. Executing OPT pass (performing simple optimizations).

17.3.1. Executing OPT_EXPR pass (perform const folding).
Optimizing module Rv32ePca.
<suppressed ~12 debug messages>

17.3.2. Executing OPT_MERGE pass (detect identical cells).
Finding identical cells in module `\Rv32ePca'.
Computing hashes of 152 cells of `\Rv32ePca'.
Finding duplicate cells in `\Rv32ePca'.
Removed a total of 0 cells.

17.3.3. Executing OPT_MUXTREE pass (detect dead branches in mux trees).
Running muxtree optimizer on module \Rv32ePca..
  Creating internal representation of mux trees.
  Evaluating internal representation of mux trees.
  Analyzing evaluation results.
Removed 0 multiplexer ports.
<suppressed ~38 debug messages>

17.3.4. Executing OPT_REDUCE pass (consolidate $*mux and $reduce_* inputs).
  Optimizing cells in module \Rv32ePca.
Performed a total of 0 changes.

17.3.5. Executing OPT_MERGE pass (detect identical cells).
Finding identical cells in module `\Rv32ePca'.
Computing hashes of 152 cells of `\Rv32ePca'.
Finding duplicate cells in `\Rv32ePca'.
Removed a total of 0 cells.

17.3.6. Executing OPT_SHARE pass.

17.3.7. Executing OPT_DFF pass (perform DFF optimizations).

17.3.8. Executing OPT_CLEAN pass (remove unused cells and wires).
Finding unused cells or wires in module \Rv32ePca..
Removed 0 unused cells and 28 unused wires.
<suppressed ~1 debug messages>

17.3.9. Executing OPT_EXPR pass (perform const folding).
Optimizing module Rv32ePca.
<suppressed ~1 debug messages>

17.3.10. Rerunning OPT passes. (Maybe there is more to do..)

17.3.11. Executing OPT_MUXTREE pass (detect dead branches in mux trees).
Running muxtree optimizer on module \Rv32ePca..
  Creating internal representation of mux trees.
  Evaluating internal representation of mux trees.
  Analyzing evaluation results.
Removed 0 multiplexer ports.
<suppressed ~37 debug messages>

17.3.12. Executing OPT_REDUCE pass (consolidate $*mux and $reduce_* inputs).
  Optimizing cells in module \Rv32ePca.
Performed a total of 0 changes.

17.3.13. Executing OPT_MERGE pass (detect identical cells).
Finding identical cells in module `\Rv32ePca'.
Computing hashes of 152 cells of `\Rv32ePca'.
Finding duplicate cells in `\Rv32ePca'.
Removed a total of 0 cells.

17.3.14. Executing OPT_SHARE pass.

17.3.15. Executing OPT_DFF pass (perform DFF optimizations).

17.3.16. Executing OPT_CLEAN pass (remove unused cells and wires).
Finding unused cells or wires in module \Rv32ePca..

17.3.17. Executing OPT_EXPR pass (perform const folding).
Optimizing module Rv32ePca.

17.3.18. Finished fast OPT passes. (There is nothing left to do.)

17.4. Executing TECHMAP pass (map to technology primitives).

17.4.1. Executing Verilog-2005 frontend: /home/ultra9/oss-cad-suite/lib/../share/yosys/techmap.v
Parsing Verilog input from `/home/ultra9/oss-cad-suite/lib/../share/yosys/techmap.v' to AST representation.
Generating RTLIL representation for module `\_90_simplemap_bool_ops'.
Generating RTLIL representation for module `\_90_simplemap_reduce_ops'.
Generating RTLIL representation for module `\_90_simplemap_logic_ops'.
Generating RTLIL representation for module `\_90_simplemap_compare_ops'.
Generating RTLIL representation for module `\_90_simplemap_various'.
Generating RTLIL representation for module `\_90_simplemap_registers'.
Generating RTLIL representation for module `\_90_shift_ops_shr_shl_sshl_sshr'.
Generating RTLIL representation for module `\_90_shift_shiftx'.
Generating RTLIL representation for module `\_90_fa'.
Generating RTLIL representation for module `\_90_lcu_brent_kung'.
Generating RTLIL representation for module `\_90_alu'.
Generating RTLIL representation for module `\_90_macc'.
Generating RTLIL representation for module `\_90_alumacc'.
Generating RTLIL representation for module `$__div_mod_u'.
Generating RTLIL representation for module `$__div_mod_trunc'.
Generating RTLIL representation for module `\_90_div'.
Generating RTLIL representation for module `\_90_mod'.
Generating RTLIL representation for module `$__div_mod_floor'.
Generating RTLIL representation for module `\_90_divfloor'.
Generating RTLIL representation for module `\_90_modfloor'.
Generating RTLIL representation for module `\_90_pow'.
Generating RTLIL representation for module `\_90_demux'.
Generating RTLIL representation for module `\_90_lut'.
Generating RTLIL representation for module `$connect'.
Generating RTLIL representation for module `$input_port'.
Successfully finished Verilog frontend.

17.4.2. Continuing TECHMAP pass.
Using extmapper simplemap for cells of type $logic_not.
Using extmapper simplemap for cells of type $logic_and.
Using extmapper simplemap for cells of type $not.
Using extmapper simplemap for cells of type $reduce_and.
Using extmapper simplemap for cells of type $or.
Using extmapper maccmap for cells of type $macc_v2.
  add \u_apb4_pca.u_datapath.operand_a_q [7:0] * \u_apb4_pca.u_datapath.operand_b_q [7:0] (8x8 bits, signed)
  add \u_apb4_pca.u_datapath.operand_a_q [31:24] * \u_apb4_pca.u_datapath.operand_b_q [31:24] (8x8 bits, signed)
  add \u_apb4_pca.u_datapath.operand_a_q [23:16] * \u_apb4_pca.u_datapath.operand_b_q [23:16] (8x8 bits, signed)
  add \u_apb4_pca.u_datapath.operand_a_q [15:8] * \u_apb4_pca.u_datapath.operand_b_q [15:8] (8x8 bits, signed)
Using extmapper simplemap for cells of type $eq.
Using template $paramod$a1bc51c02ce12ac21eb18988e83292af48ed7d72\_90_alu for cells of type $alu.
Using extmapper simplemap for cells of type $mux.
Using extmapper simplemap for cells of type $reduce_or.
Using extmapper simplemap for cells of type $xor.
Using template $paramod$fbc7873bff55778c0b3173955b7e4bce1d9d6834\_90_alu for cells of type $alu.
  add \u_apb4_pca.u_datapath.accumulator_q (32 bits, unsigned)
  add \u_apb4_pca.u_datapath.absdiff0 (8 bits, unsigned)
  add \u_apb4_pca.u_datapath.absdiff3 (8 bits, unsigned)
  add \u_apb4_pca.u_datapath.absdiff2 (8 bits, unsigned)
  add \u_apb4_pca.u_datapath.absdiff1 (8 bits, unsigned)
Using extmapper simplemap for cells of type $and.
Using extmapper simplemap for cells of type $sdffe.
Using extmapper simplemap for cells of type $pmux.
Using extmapper simplemap for cells of type $sdff.
Using extmapper simplemap for cells of type $adffe.
Using extmapper simplemap for cells of type $reduce_bool.
Using extmapper simplemap for cells of type $logic_or.
Using template $paramod\_90_fa\WIDTH=32'00000000000000000000000000100000 for cells of type $fa.
Using template $paramod\_90_fa\WIDTH=32'00000000000000000000000000000001 for cells of type $fa.
Using template $paramod\_90_fa\WIDTH=32'00000000000000000000000000010011 for cells of type $fa.
Using template $paramod\_90_fa\WIDTH=32'00000000000000000000000000010010 for cells of type $fa.
Using template $paramod$4e6ee5eb737cf7428f8e246e911ae1dac9ae2979\_90_alu for cells of type $alu.
Using template $paramod\_90_fa\WIDTH=32'00000000000000000000000000001000 for cells of type $fa.
Using template $paramod\_90_lcu_brent_kung\WIDTH=32'00000000000000000000000000001000 for cells of type $lcu.
Using extmapper simplemap for cells of type $pos.
Using template $paramod\_90_lcu_brent_kung\WIDTH=32'00000000000000000000000000100000 for cells of type $lcu.
Using template $paramod\_90_lcu_brent_kung\WIDTH=32'00000000000000000000000000010011 for cells of type $lcu.
No more expansions possible.
<suppressed ~1776 debug messages>

17.5. Executing OPT pass (performing simple optimizations).

17.5.1. Executing OPT_EXPR pass (perform const folding).
Optimizing module Rv32ePca.
<suppressed ~2367 debug messages>

17.5.2. Executing OPT_MERGE pass (detect identical cells).
Finding identical cells in module `\Rv32ePca'.
Computing hashes of 5881 cells of `\Rv32ePca'.
Finding duplicate cells in `\Rv32ePca'.
Computing hashes of 5362 cells of `\Rv32ePca'.
Finding duplicate cells in `\Rv32ePca'.
Computing hashes of 5189 cells of `\Rv32ePca'.
Finding duplicate cells in `\Rv32ePca'.
Computing hashes of 5069 cells of `\Rv32ePca'.
Finding duplicate cells in `\Rv32ePca'.
Computing hashes of 4996 cells of `\Rv32ePca'.
Finding duplicate cells in `\Rv32ePca'.
Computing hashes of 4930 cells of `\Rv32ePca'.
Finding duplicate cells in `\Rv32ePca'.
Computing hashes of 4876 cells of `\Rv32ePca'.
Finding duplicate cells in `\Rv32ePca'.
Computing hashes of 4846 cells of `\Rv32ePca'.
Finding duplicate cells in `\Rv32ePca'.
Computing hashes of 4819 cells of `\Rv32ePca'.
Finding duplicate cells in `\Rv32ePca'.
Computing hashes of 4793 cells of `\Rv32ePca'.
Finding duplicate cells in `\Rv32ePca'.
Computing hashes of 4778 cells of `\Rv32ePca'.
Finding duplicate cells in `\Rv32ePca'.
Computing hashes of 4772 cells of `\Rv32ePca'.
Finding duplicate cells in `\Rv32ePca'.
Computing hashes of 4766 cells of `\Rv32ePca'.
Finding duplicate cells in `\Rv32ePca'.
Computing hashes of 4762 cells of `\Rv32ePca'.
Finding duplicate cells in `\Rv32ePca'.
Computing hashes of 4761 cells of `\Rv32ePca'.
Finding duplicate cells in `\Rv32ePca'.
<suppressed ~3360 debug messages>
Removed a total of 1120 cells.

17.5.3. Executing OPT_DFF pass (perform DFF optimizations).

17.5.4. Executing OPT_CLEAN pass (remove unused cells and wires).
Finding unused cells or wires in module \Rv32ePca..
Removed 149 unused cells and 1348 unused wires.
<suppressed ~150 debug messages>

17.5.5. Finished fast OPT passes.

17.6. Executing ABC pass (technology mapping using ABC).

17.6.1. Extracting gate netlist of module `\Rv32ePca' to `<abc-temp-dir>/input.blif'..

17.6.1.1. Executed ABC.
Extracted 4375 gates and 4633 wires to a netlist network with 256 inputs and 91 outputs.
Running ABC script: <abc-temp-dir>/abc.script
ABC: UC Berkeley, ABC 1.01 (compiled Sep 12 2026 05:01:00)
ABC: abc 01> empty
ABC: abc 01> source <abc-temp-dir>/abc.script
ABC: + read_blif <abc-temp-dir>/input.blif 
ABC: + read_library <abc-temp-dir>/stdcells.genlib 
ABC: + strash 
ABC: + &get -n 
ABC: + &fraig -x 
ABC: + &put 
ABC: + scorr 
ABC: Warning: The network is combinational (run "fraig" or "fraig_sweep").
ABC: + dc2 
ABC: + dretime 
ABC: + strash 
ABC: + &get -n 
ABC: + &dch -f 
ABC: + &nf 
ABC: + &put 
ABC: + write_blif <abc-temp-dir>/output.blif 
ABC: 
ABC: YOSYS_ABC_DONE 

17.6.1.2. Re-integrating ABC results.
ABC RESULTS:               AND cells:      802
ABC RESULTS:            ANDNOT cells:       80
ABC RESULTS:               BUF cells:        1
ABC RESULTS:               MUX cells:       48
ABC RESULTS:              NAND cells:     1621
ABC RESULTS:               NOR cells:       14
ABC RESULTS:               NOT cells:        3
ABC RESULTS:                OR cells:      181
ABC RESULTS:             ORNOT cells:      149
ABC RESULTS:              XNOR cells:      181
ABC RESULTS:               XOR cells:      732
ABC RESULTS:        internal signals:     4286
ABC RESULTS:           input signals:      256
ABC RESULTS:          output signals:       91
Removing temp directory.
Removing global temp directory.

17.7. Executing OPT pass (performing simple optimizations).

17.7.1. Executing OPT_EXPR pass (perform const folding).
Optimizing module Rv32ePca.

17.7.2. Executing OPT_MERGE pass (detect identical cells).
Finding identical cells in module `\Rv32ePca'.
Computing hashes of 4048 cells of `\Rv32ePca'.
Finding duplicate cells in `\Rv32ePca'.
Removed a total of 0 cells.

17.7.3. Executing OPT_DFF pass (perform DFF optimizations).

17.7.4. Executing OPT_CLEAN pass (remove unused cells and wires).
Finding unused cells or wires in module \Rv32ePca..
Removed 0 unused cells and 1789 unused wires.
<suppressed ~12 debug messages>

17.7.5. Finished fast OPT passes.

17.8. Executing HIERARCHY pass (managing design hierarchy).
Attribute `top' found on module `Rv32ePca'. Setting top module to Rv32ePca.

17.8.1. Analyzing design hierarchy..
Top module:  \Rv32ePca

17.8.2. Analyzing design hierarchy..
Top module:  \Rv32ePca
Removed 0 unused modules.

17.9. Printing statistics.

=== Rv32ePca ===

        +----------Local Count, excluding submodules.
        | 
     3765 wires
     4257 wire bits
       25 public wires
      517 public wire bits
        5 ports
      200 port bits
     4048 cells
       80   $_ANDNOT_
      802   $_AND_
      103   $_DFFE_PP0P_
       48   $_MUX_
     1621   $_NAND_
       14   $_NOR_
        3   $_NOT_
      149   $_ORNOT_
      181   $_OR_
      131   $_SDFFE_PP0P_
        2   $_SDFFE_PP1P_
        1   $_SDFF_PP0_
      181   $_XNOR_
      732   $_XOR_

17.10. Executing CHECK pass (checking for obvious problems).
Checking module Rv32ePca...
Found and reported 0 problems.

18. Executing TRIBUF pass.

19. Executing SIMPLEMAP pass (map simple cells to gate primitives).

20. Executing TECHMAP pass (map to technology primitives).

20.1. Executing Verilog-2005 frontend: /home/ultra9/oss-cad-suite/lib/../share/yosys/techmap.v
Parsing Verilog input from `/home/ultra9/oss-cad-suite/lib/../share/yosys/techmap.v' to AST representation.
Generating RTLIL representation for module `\_90_simplemap_bool_ops'.
Generating RTLIL representation for module `\_90_simplemap_reduce_ops'.
Generating RTLIL representation for module `\_90_simplemap_logic_ops'.
Generating RTLIL representation for module `\_90_simplemap_compare_ops'.
Generating RTLIL representation for module `\_90_simplemap_various'.
Generating RTLIL representation for module `\_90_simplemap_registers'.
Generating RTLIL representation for module `\_90_shift_ops_shr_shl_sshl_sshr'.
Generating RTLIL representation for module `\_90_shift_shiftx'.
Generating RTLIL representation for module `\_90_fa'.
Generating RTLIL representation for module `\_90_lcu_brent_kung'.
Generating RTLIL representation for module `\_90_alu'.
Generating RTLIL representation for module `\_90_macc'.
Generating RTLIL representation for module `\_90_alumacc'.
Generating RTLIL representation for module `$__div_mod_u'.
Generating RTLIL representation for module `$__div_mod_trunc'.
Generating RTLIL representation for module `\_90_div'.
Generating RTLIL representation for module `\_90_mod'.
Generating RTLIL representation for module `$__div_mod_floor'.
Generating RTLIL representation for module `\_90_divfloor'.
Generating RTLIL representation for module `\_90_modfloor'.
Generating RTLIL representation for module `\_90_pow'.
Generating RTLIL representation for module `\_90_demux'.
Generating RTLIL representation for module `\_90_lut'.
Generating RTLIL representation for module `$connect'.
Generating RTLIL representation for module `$input_port'.
Successfully finished Verilog frontend.

20.2. Continuing TECHMAP pass.
No more expansions possible.
<suppressed ~77 debug messages>

21. Executing OPT pass (performing simple optimizations).

21.1. Executing OPT_EXPR pass (perform const folding).
Optimizing module Rv32ePca.

21.2. Executing OPT_MERGE pass (detect identical cells).
Finding identical cells in module `\Rv32ePca'.
Computing hashes of 4048 cells of `\Rv32ePca'.
Finding duplicate cells in `\Rv32ePca'.
Removed a total of 0 cells.

21.3. Executing OPT_DFF pass (perform DFF optimizations).

21.4. Executing OPT_CLEAN pass (remove unused cells and wires).
Finding unused cells or wires in module \Rv32ePca..
Removed 0 unused cells and 2 unused wires.
<suppressed ~2 debug messages>

21.5. Finished fast OPT passes.

22. Executing OPT_CLEAN pass (remove unused cells and wires).
Finding unused cells or wires in module \Rv32ePca..
23. Executing SPLITNETS pass (splitting up multi-bit signals).

24. Executing AUTONAME pass.
Renamed 7551 objects in module Rv32ePca.
<suppressed ~7551 debug messages>
Removed 0 unused cells and 5 unused wires.

25. Executing CLOCK_GATE pass (extract clock gating out of flip flops).
Converted 0 FFs.

26. Executing DFFLIBMAP pass (mapping DFF/DLATCH cells to sequential cells from liberty file).
  cell DFFNQX1H7R (noninv, pins=3, area=6.44) is a direct match for cell type $_DFF_N_.
  cell DFFQX0P5H7R (noninv, pins=3, area=6.16) is a direct match for cell type $_DFF_P_.
  cell DFFNRX0P5H7R (noninv, pins=5, area=8.40) is a direct match for cell type $_DFF_NN0_.
  cell DFFNSX0P5H7R (noninv, pins=5, area=9.24) is a direct match for cell type $_DFF_NN1_.
  cell DFFRQX0P5H7R (noninv, pins=4, area=7.84) is a direct match for cell type $_DFF_PN0_.
  cell DFFSQX1H7R (noninv, pins=4, area=8.12) is a direct match for cell type $_DFF_PN1_.
  cell DFFNSRX0P5H7R (noninv, pins=6, area=10.08) is a direct match for cell type $_DFFSR_NNN_.
  cell LATLX0P5H7R (noninv, pins=4, area=5.32) is a direct match for cell type $_DLATCH_N_.
  cell LATHX0P5H7R (noninv, pins=4, area=4.48) is a direct match for cell type $_DLATCH_P_.
  cell LATLRX0P5H7R (noninv, pins=5, area=5.60) is a direct match for cell type $_DLATCH_NN0_.
  cell LATLSX0P5H7R (noninv, pins=5, area=8.12) is a direct match for cell type $_DLATCH_NN1_.
  cell LATHRX0P5H7R (noninv, pins=5, area=5.88) is a direct match for cell type $_DLATCH_PN0_.
  cell LATHSX0P5H7R (noninv, pins=5, area=7.56) is a direct match for cell type $_DLATCH_PN1_.
  cell LATLSRX0P5H7R (noninv, pins=6, area=9.52) is a direct match for cell type $_DLATCHSR_NNN_.
  cell LATHSRX0P5H7R (noninv, pins=6, area=7.28) is a direct match for cell type $_DLATCHSR_PNN_.
  final dff/dlatch cell mappings:
    \DFFNQX1H7R _DFF_N_ (.CKN( C), .D( D), .Q( Q));
    \DFFQX0P5H7R _DFF_P_ (.CK( C), .D( D), .Q( Q));
    \DFFNRX0P5H7R _DFF_NN0_ (.CKN( C), .D( D), .Q( Q), .QN(~Q), .RN( R));
    \DFFNSX0P5H7R _DFF_NN1_ (.CKN( C), .D( D), .Q( Q), .QN(~Q), .SN( R));
    unmapped dff/dlatch cell: $_DFF_NP0_
    unmapped dff/dlatch cell: $_DFF_NP1_
    \DFFRQX0P5H7R _DFF_PN0_ (.CK( C), .D( D), .Q( Q), .RN( R));
    \DFFSQX1H7R _DFF_PN1_ (.CK( C), .D( D), .Q( Q), .SN( R));
    unmapped dff/dlatch cell: $_DFF_PP0_
    unmapped dff/dlatch cell: $_DFF_PP1_
    unmapped dff/dlatch cell: $_DFFE_NN_
    unmapped dff/dlatch cell: $_DFFE_NP_
    unmapped dff/dlatch cell: $_DFFE_PN_
    unmapped dff/dlatch cell: $_DFFE_PP_
    \DFFNSRX0P5H7R _DFFSR_NNN_ (.CKN( C), .D( D), .Q( Q), .QN(~Q), .RN( R), .SN( S));
    unmapped dff/dlatch cell: $_DFFSR_NNP_
    unmapped dff/dlatch cell: $_DFFSR_NPN_
    unmapped dff/dlatch cell: $_DFFSR_NPP_
    unmapped dff/dlatch cell: $_DFFSR_PNN_
    unmapped dff/dlatch cell: $_DFFSR_PNP_
    unmapped dff/dlatch cell: $_DFFSR_PPN_
    unmapped dff/dlatch cell: $_DFFSR_PPP_
    \LATLX0P5H7R _DLATCH_N_ (.D( D), .GN( E), .Q( Q), .QN(~Q));
    \LATHX0P5H7R _DLATCH_P_ (.D( D), .G( E), .Q( Q), .QN(~Q));
    \LATLRX0P5H7R _DLATCH_NN0_ (.D( D), .GN( E), .Q( Q), .QN(~Q), .RN( R));
    \LATLSX0P5H7R _DLATCH_NN1_ (.D( D), .GN( E), .Q( Q), .QN(~Q), .SN( R));
    unmapped dff/dlatch cell: $_DLATCH_NP0_
    unmapped dff/dlatch cell: $_DLATCH_NP1_
    \LATHRX0P5H7R _DLATCH_PN0_ (.D( D), .G( E), .Q( Q), .QN(~Q), .RN( R));
    \LATHSX0P5H7R _DLATCH_PN1_ (.D( D), .G( E), .Q( Q), .QN(~Q), .SN( R));
    unmapped dff/dlatch cell: $_DLATCH_PP0_
    unmapped dff/dlatch cell: $_DLATCH_PP1_
    \LATLSRX0P5H7R _DLATCHSR_NNN_ (.D( D), .GN( E), .Q( Q), .QN(~Q), .RN( R), .SN( S));
    unmapped dff/dlatch cell: $_DLATCHSR_NNP_
    unmapped dff/dlatch cell: $_DLATCHSR_NPN_
    unmapped dff/dlatch cell: $_DLATCHSR_NPP_
    \LATHSRX0P5H7R _DLATCHSR_PNN_ (.D( D), .G( E), .Q( Q), .QN(~Q), .RN( R), .SN( S));
    unmapped dff/dlatch cell: $_DLATCHSR_PNP_
    unmapped dff/dlatch cell: $_DLATCHSR_PPN_
    unmapped dff/dlatch cell: $_DLATCHSR_PPP_

26.1. Executing DFFLEGALIZE pass (convert FFs and LATCHes to types supported by the target).
<suppressed ~74 debug messages>
Mapping DFF/DLATCH cells in module `\Rv32ePca':
  mapped 103 $_DFF_PN0_ cells to \DFFRQX0P5H7R cells.
  mapped 134 $_DFF_P_ cells to \DFFQX0P5H7R cells.

27. Executing TECHMAP pass (map to technology primitives).

27.1. Executing Verilog-2005 frontend: /home/ultra9/mpc-frame/designs/rv32e-pca-5000inst/ws_0002/Synthesis_yosys/data/tmp/ics55_latch_map.v
Parsing Verilog input from `/home/ultra9/mpc-frame/designs/rv32e-pca-5000inst/ws_0002/Synthesis_yosys/data/tmp/ics55_latch_map.v' to AST representation.
Generating RTLIL representation for module `$_DLATCH_N_'.
Generating RTLIL representation for module `$_DLATCH_P_'.
Generating RTLIL representation for module `$_DLATCH_NN0_'.
Generating RTLIL representation for module `$_DLATCH_NN1_'.
Generating RTLIL representation for module `$_DLATCH_NP0_'.
Generating RTLIL representation for module `$_DLATCH_NP1_'.
Generating RTLIL representation for module `$_DLATCH_PN0_'.
Generating RTLIL representation for module `$_DLATCH_PN1_'.
Generating RTLIL representation for module `$_DLATCH_PP0_'.
Generating RTLIL representation for module `$_DLATCH_PP1_'.
Successfully finished Verilog frontend.

27.2. Continuing TECHMAP pass.
No more expansions possible.
<suppressed ~12 debug messages>

28. Executing OPT pass (performing simple optimizations).

28.1. Executing OPT_EXPR pass (perform const folding).
Optimizing module Rv32ePca.

28.2. Executing OPT_MERGE pass (detect identical cells).
Finding identical cells in module `\Rv32ePca'.
Computing hashes of 4521 cells of `\Rv32ePca'.
Finding duplicate cells in `\Rv32ePca'.
Computing hashes of 4419 cells of `\Rv32ePca'.
Finding duplicate cells in `\Rv32ePca'.
<suppressed ~306 debug messages>
Removed a total of 102 cells.

28.3. Executing OPT_DFF pass (perform DFF optimizations).

28.4. Executing OPT_CLEAN pass (remove unused cells and wires).
Finding unused cells or wires in module \Rv32ePca..
Removed 0 unused cells and 102 unused wires.
<suppressed ~1 debug messages>

28.5. Finished fast OPT passes.

29. Executing TECHMAP pass (map to technology primitives).

29.1. Executing Verilog-2005 frontend: /home/ultra9/mpc-frame/designs/rv32e-pca-5000inst/ws_0002/Synthesis_yosys/data/tmp/ics55_tri_map.v
Parsing Verilog input from `/home/ultra9/mpc-frame/designs/rv32e-pca-5000inst/ws_0002/Synthesis_yosys/data/tmp/ics55_tri_map.v' to AST representation.
Generating RTLIL representation for module `\_tbuf_disabled'.
Generating RTLIL representation for module `\_tbuf_enabled'.
Successfully finished Verilog frontend.

29.2. Continuing TECHMAP pass.
No more expansions possible.
<suppressed ~3 debug messages>

30. Executing OPT pass (performing simple optimizations).

30.1. Executing OPT_EXPR pass (perform const folding).
Optimizing module Rv32ePca.

30.2. Executing OPT_MERGE pass (detect identical cells).
Finding identical cells in module `\Rv32ePca'.
Computing hashes of 4419 cells of `\Rv32ePca'.
Finding duplicate cells in `\Rv32ePca'.
Removed a total of 0 cells.

30.3. Executing OPT_DFF pass (perform DFF optimizations).

30.4. Executing OPT_CLEAN pass (remove unused cells and wires).
Finding unused cells or wires in module \Rv32ePca..

30.5. Finished fast OPT passes.

31. Executing OPT pass (performing simple optimizations).

31.1. Executing OPT_EXPR pass (perform const folding).
Optimizing module Rv32ePca.

31.2. Executing OPT_MERGE pass (detect identical cells).
Finding identical cells in module `\Rv32ePca'.
Computing hashes of 4419 cells of `\Rv32ePca'.
Finding duplicate cells in `\Rv32ePca'.
Removed a total of 0 cells.

31.3. Executing OPT_MUXTREE pass (detect dead branches in mux trees).
Running muxtree optimizer on module \Rv32ePca..
  Creating internal representation of mux trees.
  No muxes found in this module.
Removed 0 multiplexer ports.

31.4. Executing OPT_REDUCE pass (consolidate $*mux and $reduce_* inputs).
  Optimizing cells in module \Rv32ePca.
Performed a total of 0 changes.

31.5. Executing OPT_MERGE pass (detect identical cells).
Finding identical cells in module `\Rv32ePca'.
Computing hashes of 4419 cells of `\Rv32ePca'.
Finding duplicate cells in `\Rv32ePca'.
Removed a total of 0 cells.

31.6. Executing OPT_DFF pass (perform DFF optimizations).

31.7. Executing OPT_CLEAN pass (remove unused cells and wires).
Finding unused cells or wires in module \Rv32ePca..

31.8. Executing OPT_EXPR pass (perform const folding).
Optimizing module Rv32ePca.

31.9. Finished fast OPT passes. (There is nothing left to do.)

32. Executing ABC pass (technology mapping using ABC).

32.1. Extracting gate netlist of module `\Rv32ePca' to `/tmp/yosys-abc-ZRXpRZ/input.blif'..
ABC: using cached merged SCL: /tmp/yosys-liberty-scl-cache-1000/yosys_merged_e33160dd.scl (2 files)

32.1.1. Executed ABC.
Extracted 4182 gates and 4467 wires to a netlist network with 283 inputs and 273 outputs.
Running ABC script: /tmp/yosys-abc-ZRXpRZ/abc.script
ABC: UC Berkeley, ABC 1.01 (compiled Sep 12 2026 05:01:00)
ABC: abc 01> empty
ABC: abc 01> source /tmp/yosys-abc-ZRXpRZ/abc.script
ABC: + read_blif /tmp/yosys-abc-ZRXpRZ/input.blif 
ABC: + read_scl /tmp/yosys-liberty-scl-cache-1000/yosys_merged_e33160dd.scl 
ABC: Warning: Detected 12 multi-output cells (for example, "ADDFX1H7R").
ABC: + read_constr -v /home/ultra9/mpc-frame/designs/rv32e-pca-5000inst/ws_0002/Synthesis_yosys/data/tmp/abc.constr 
ABC: Setting driving cell to be "BUFX0P5H7R".
ABC: Setting output load to be 0.015000.
ABC: + &get -n 
ABC: + &st 
ABC: + &dch 
ABC: + &nf 
ABC: + &put 
ABC: + &get -n 
ABC: + &st 
ABC: + &syn2 
ABC: + &if -g -K 6 
ABC: + &synch2 
ABC: + &nf 
ABC: + &put 
ABC: + &get -n 
ABC: + &st 
ABC: + &syn2 
ABC: + &if -g -K 6 
ABC: + &synch2 
ABC: + &nf 
ABC: + &put 
ABC: + &get -n 
ABC: + &st 
ABC: + &syn2 
ABC: + &if -g -K 6 
ABC: + &synch2 
ABC: + &nf 
ABC: + &put 
ABC: + &get -n 
ABC: + &st 
ABC: + &syn2 
ABC: + &if -g -K 6 
ABC: + &synch2 
ABC: + &nf 
ABC: + &put 
ABC: + &get -n 
ABC: + &st 
ABC: + &syn2 
ABC: + &if -g -K 6 
ABC: + &synch2 
ABC: + &nf 
ABC: + &put 
ABC: + buffer -c -N 20 
ABC: + topo 
ABC: + stime -c 
ABC: WireLoad = "none"  Gates =   3843 (  5.9 %)   Cap =  1.9 ff (  3.2 %)   Area =     7946.68 ( 94.8 %)   Delay =  6103.07 ps  (  2.5 %)               
ABC: + upsize -c 
ABC: + dnsize -c 
ABC: + 
ABC: + stime -p 
ABC: WireLoad = "none"  Gates =   3843 (  5.9 %)   Cap =  2.0 ff ( 15.0 %)   Area =     7826.84 ( 62.6 %)   Delay =  3695.79 ps  ( 21.2 %)               
ABC: Path  0 --      28 : 0    7 pi             A =   0.00  Df =  91.2  -15.7 ps  S = 182.6 ps  Cin =  0.0 ff  Cout =   5.5 ff  Cmax =   0.0 ff  G =    0  
ABC: Path  1 --     905 : 1   20 BUFX5H7L       A =   1.96  Df = 223.0  -17.2 ps  S =  93.6 ps  Cin =  1.1 ff  Cout =  13.5 ff  Cmax = 122.1 ff  G = 1269  
ABC: Path  2 --    2202 : 2    2 NAND2BX1P4H7L  A =   1.40  Df = 309.7   -6.2 ps  S =  67.9 ps  Cin =  0.9 ff  Cout =   2.3 ff  Cmax =  33.3 ff  G =  256  
ABC: Path  3 --    2205 : 3    3 XNOR3X3H7L     A =   6.44  Df = 555.9  -36.1 ps  S =  54.2 ps  Cin =  1.2 ff  Cout =   2.9 ff  Cmax =  73.8 ff  G =  247  
ABC: Path  4 --    2209 : 2    1 XNOR2X1P4H7L   A =   2.80  Df = 713.6  -58.1 ps  S =  42.0 ps  Cin =  1.2 ff  Cout =   0.8 ff  Cmax =  40.6 ff  G =   68  
ABC: Path  5 --    2210 : 2    2 XNOR2X1P4H7L   A =   2.80  Df = 865.3  -49.3 ps  S =  67.2 ps  Cin =  1.2 ff  Cout =   2.5 ff  Cmax =  40.6 ff  G =  211  
ABC: Path  6 --    2224 : 3    3 XOR3X3H7L      A =   6.44  Df =1061.7  -22.9 ps  S =  51.8 ps  Cin =  1.2 ff  Cout =   2.4 ff  Cmax =  74.0 ff  G =  198  
ABC: Path  7 --    2250 : 3    3 XNOR3X3H7L     A =   6.44  Df =1332.0  -27.1 ps  S =  55.7 ps  Cin =  1.2 ff  Cout =   3.2 ff  Cmax =  73.8 ff  G =  268  
ABC: Path  8 --    2293 : 3    3 XNOR3X3H7L     A =   6.44  Df =1555.7  -12.8 ps  S =  55.2 ps  Cin =  1.2 ff  Cout =   3.1 ff  Cmax =  73.8 ff  G =  261  
ABC: Path  9 --    2344 : 3    4 XNOR3X3H7L     A =   6.44  Df =1809.1  -20.8 ps  S =  58.6 ps  Cin =  1.2 ff  Cout =   3.6 ff  Cmax =  73.8 ff  G =  298  
ABC: Path 10 --    2354 : 3    4 XNOR3X3H7L     A =   6.44  Df =2066.0  -45.7 ps  S =  62.9 ps  Cin =  1.2 ff  Cout =   4.0 ff  Cmax =  73.8 ff  G =  337  
ABC: Path 11 --    2358 : 3    2 OAI21X2H7L     A =   2.24  Df =2142.7  -69.4 ps  S =  86.4 ps  Cin =  1.0 ff  Cout =   1.5 ff  Cmax =  22.8 ff  G =  148  
ABC: Path 12 --    2363 : 4    4 AOA211X1P4H7L  A =   2.52  Df =2297.4  -72.2 ps  S =  75.6 ps  Cin =  0.7 ff  Cout =   2.9 ff  Cmax =  40.6 ff  G =  402  
ABC: Path 13 --    2529 : 4    1 AOI22X1H7L     A =   1.96  Df =2346.5  -27.9 ps  S = 113.7 ps  Cin =  0.8 ff  Cout =   0.8 ff  Cmax =  16.3 ff  G =   95  
ABC: Path 14 --    2530 : 3    3 AOI21X0P5H7L   A =   1.40  Df =2488.4 -106.7 ps  S = 173.5 ps  Cin =  0.7 ff  Cout =   2.3 ff  Cmax =  11.8 ff  G =  335  
ABC: Path 15 --    2531 : 1    3 INVX0P5H7R     A =   0.84  Df =2601.0 -124.1 ps  S =  94.5 ps  Cin =  0.7 ff  Cout =   2.6 ff  Cmax =  23.2 ff  G =  381  
ABC: Path 16 --    2673 : 4    1 AOAI211X2H7L   A =   2.52  Df =2689.7  -22.7 ps  S =  79.3 ps  Cin =  1.0 ff  Cout =   1.0 ff  Cmax =  22.6 ff  G =   97  
ABC: Path 17 --    2795 : 4    2 AOAI211X2H7L   A =   2.52  Df =2780.9  -12.7 ps  S = 116.3 ps  Cin =  1.0 ff  Cout =   2.5 ff  Cmax =  22.6 ff  G =  245  
ABC: Path 18 --    2878 : 2    7 XOR2X3H7L      A =   3.36  Df =2944.7  -13.4 ps  S =  84.3 ps  Cin =  1.3 ff  Cout =   6.4 ff  Cmax =  73.6 ff  G =  497  
ABC: Path 19 --    3167 : 4    5 AO211X4H7L     A =   3.08  Df =3132.7  -49.3 ps  S =  74.5 ps  Cin =  0.9 ff  Cout =   5.1 ff  Cmax =  97.0 ff  G =  563  
ABC: Path 20 --    3740 : 3    1 NAND3X1P4H7L   A =   1.40  Df =3174.6  -45.2 ps  S =  61.7 ps  Cin =  0.9 ff  Cout =   0.6 ff  Cmax =  22.5 ff  G =   73  
ABC: Path 21 --    3743 : 4    1 AND4X1P4H7L    A =   2.24  Df =3316.2  -62.7 ps  S =  61.8 ps  Cin =  0.7 ff  Cout =   1.6 ff  Cmax =  40.1 ff  G =  232  
ABC: Path 22 --    3744 : 1   11 BUFX7H7L       A =   2.52  Df =3393.8  -65.5 ps  S =  53.4 ps  Cin =  1.6 ff  Cout =  10.0 ff  Cmax = 170.0 ff  G =  636  
ABC: Path 23 --    3776 : 5    1 AOI32X1P4H7L   A =   2.24  Df =3485.6  -22.4 ps  S = 129.9 ps  Cin =  0.9 ff  Cout =   0.9 ff  Cmax =  18.6 ff  G =  107  
ABC: Path 24 --    3777 : 2    1 XOR2X3H7L      A =   3.36  Df =3621.6   -3.2 ps  S =  44.0 ps  Cin =  1.3 ff  Cout =   0.8 ff  Cmax =  73.6 ff  G =   62  
ABC: Path 25 --    3791 : 4    1 OAOI211X1P4H7L A =   2.24  Df =3695.8  -39.5 ps  S =  96.4 ps  Cin =  0.9 ff  Cout =   0.0 ff  Cmax =  12.2 ff  G =    1  
ABC: Start-point = pi27 (\u_apb4_pca.u_datapath.operand_a_q_12_).  End-point = po149 ($auto$rtlil.cc:3480:MuxGate$14991).
ABC: + print_stats -m 
ABC: netlist                       : i/o =  283/  273  lat =    0  nd =  3843  edge =  10528  area =7826.84  delay =28.00  lev = 28
ABC: + write_blif /tmp/yosys-abc-ZRXpRZ/output.blif 
ABC: 
ABC: YOSYS_ABC_DONE 

32.1.2. Re-integrating ABC results.
ABC RESULTS:         AND2X1H7L cells:       22
ABC RESULTS:         AND2X1H7R cells:       31
ABC RESULTS:       AND2X1P4H7L cells:        1
ABC RESULTS:       AND2X1P4H7R cells:        1
ABC RESULTS:         AND2X8H7L cells:        1
ABC RESULTS:       AND3X0P5H7L cells:        1
ABC RESULTS:       AND3X0P5H7R cells:        3
ABC RESULTS:       AND3X1P4H7L cells:        5
ABC RESULTS:       AND3X1P4H7R cells:        6
ABC RESULTS:       AND4X0P5H7L cells:        1
ABC RESULTS:       AND4X0P5H7R cells:        4
ABC RESULTS:         AND4X1H7R cells:        1
ABC RESULTS:       AND4X1P4H7L cells:        6
ABC RESULTS:       AND4X1P4H7R cells:        1
ABC RESULTS:      AO211X0P7H7L cells:        1
ABC RESULTS:        AO211X1H7L cells:        1
ABC RESULTS:      AO211X1P4H7L cells:        2
ABC RESULTS:      AO211X1P4H7R cells:        6
ABC RESULTS:        AO211X3H7L cells:        1
ABC RESULTS:        AO211X4H7L cells:        1
ABC RESULTS:         AO21X1H7R cells:       21
ABC RESULTS:       AO21X1P4H7L cells:        2
ABC RESULTS:      AO221X0P7H7R cells:        3
ABC RESULTS:        AO221X1H7L cells:        1
ABC RESULTS:        AO221X1H7R cells:        1
ABC RESULTS:      AO221X1P4H7L cells:        1
ABC RESULTS:       AO22X0P7H7R cells:      104
ABC RESULTS:         AO22X1H7R cells:        1
ABC RESULTS:       AO31X0P5H7R cells:        3
ABC RESULTS:       AO31X1P4H7L cells:        1
ABC RESULTS:       AO31X1P4H7R cells:        1
ABC RESULTS:         AO31X3H7L cells:        1
ABC RESULTS:       AOA211X1H7L cells:        4
ABC RESULTS:       AOA211X1H7R cells:        1
ABC RESULTS:     AOA211X1P4H7L cells:        9
ABC RESULTS:     AOA211X1P4H7R cells:        2
ABC RESULTS:       AOA211X3H7L cells:        2
ABC RESULTS:       AOA211X4H7L cells:        1
ABC RESULTS:    AOAI211X0P5H7L cells:        2
ABC RESULTS:    AOAI211X0P5H7R cells:       71
ABC RESULTS:    AOAI211X0P7H7L cells:        2
ABC RESULTS:      AOAI211X1H7L cells:        3
ABC RESULTS:      AOAI211X1H7R cells:        2
ABC RESULTS:    AOAI211X1P4H7L cells:       10
ABC RESULTS:    AOAI211X1P4H7R cells:        4
ABC RESULTS:      AOAI211X2H7L cells:        2
ABC RESULTS:      AOAI211X4H7L cells:        1
ABC RESULTS:     AOI211X0P5H7L cells:        3
ABC RESULTS:     AOI211X0P5H7R cells:       23
ABC RESULTS:     AOI211X0P7H7L cells:        3
ABC RESULTS:       AOI211X1H7L cells:        6
ABC RESULTS:     AOI211X1P4H7L cells:        6
ABC RESULTS:       AOI211X4H7L cells:        1
ABC RESULTS:     AOI21BX0P5H7R cells:        6
ABC RESULTS:     AOI21BX0P7H7L cells:        1
ABC RESULTS:     AOI21BX1P4H7L cells:        1
ABC RESULTS:       AOI21BX2H7L cells:        2
ABC RESULTS:      AOI21X0P5H7L cells:        3
ABC RESULTS:      AOI21X0P5H7R cells:      233
ABC RESULTS:      AOI21X0P7H7L cells:        8
ABC RESULTS:      AOI21X0P7H7R cells:        3
ABC RESULTS:        AOI21X1H7L cells:        4
ABC RESULTS:        AOI21X1H7R cells:        1
ABC RESULTS:      AOI21X1P4H7L cells:       29
ABC RESULTS:      AOI21X1P4H7R cells:        1
ABC RESULTS:        AOI21X2H7L cells:        1
ABC RESULTS:        AOI21X3H7L cells:        1
ABC RESULTS:        AOI21X4H7L cells:        1
ABC RESULTS:     AOI221X0P5H7R cells:       36
ABC RESULTS:     AOI221X0P7H7L cells:        1
ABC RESULTS:       AOI221X1H7L cells:        2
ABC RESULTS:     AOI221X1P4H7L cells:        3
ABC RESULTS:       AOI221X3H7L cells:        2
ABC RESULTS:       AOI221X4H7L cells:        1
ABC RESULTS:      AOI22X0P5H7L cells:        1
ABC RESULTS:      AOI22X0P5H7R cells:       77
ABC RESULTS:        AOI22X1H7L cells:        3
ABC RESULTS:        AOI22X1H7R cells:        3
ABC RESULTS:      AOI22X1P4H7L cells:        5
ABC RESULTS:    AOI2BB1X0P5H7R cells:       57
ABC RESULTS:      AOI2BB1X1H7L cells:        2
ABC RESULTS:    AOI2BB1X1P4H7L cells:        6
ABC RESULTS:    AOI2BB1X1P4H7R cells:        1
ABC RESULTS:    AOI2XB1X0P5H7R cells:       13
ABC RESULTS:      AOI2XB1X1H7L cells:        6
ABC RESULTS:      AOI2XB1X1H7R cells:        2
ABC RESULTS:      AOI31X0P5H7L cells:        1
ABC RESULTS:      AOI31X0P5H7R cells:       21
ABC RESULTS:      AOI31X0P7H7L cells:        1
ABC RESULTS:        AOI31X1H7L cells:        1
ABC RESULTS:      AOI31X1P4H7L cells:        4
ABC RESULTS:        AOI31X2H7L cells:        1
ABC RESULTS:      AOI32X0P5H7R cells:       10
ABC RESULTS:      AOI32X1P4H7L cells:        9
ABC RESULTS:      AOI32X1P4H7R cells:        1
ABC RESULTS:         BUFX12H7L cells:        1
ABC RESULTS:          BUFX1H7R cells:        2
ABC RESULTS:        BUFX1P4H7L cells:       37
ABC RESULTS:          BUFX3H7L cells:       22
ABC RESULTS:        BUFX3P5H7L cells:       25
ABC RESULTS:          BUFX5H7L cells:       38
ABC RESULTS:          BUFX7H7L cells:       18
ABC RESULTS:          BUFX8H7L cells:        1
ABC RESULTS:        INVX0P5H7L cells:        1
ABC RESULTS:        INVX0P5H7R cells:       77
ABC RESULTS:          INVX1H7L cells:        1
ABC RESULTS:        INVX1P4H7L cells:        5
ABC RESULTS:       MUX2X0P5H7R cells:      144
ABC RESULTS:         MUX2X1H7L cells:        1
ABC RESULTS:       MUX2X1P4H7L cells:        3
ABC RESULTS:       MUX4X1P4H7R cells:       16
ABC RESULTS:      MUXI2X0P5H7R cells:        8
ABC RESULTS:     NAND2BX0P5H7L cells:        2
ABC RESULTS:     NAND2BX0P5H7R cells:       85
ABC RESULTS:     NAND2BX0P7H7L cells:        3
ABC RESULTS:       NAND2BX1H7L cells:        3
ABC RESULTS:       NAND2BX1H7R cells:        1
ABC RESULTS:     NAND2BX1P4H7L cells:       14
ABC RESULTS:       NAND2BX6H7L cells:        1
ABC RESULTS:       NAND2BX8H7L cells:        1
ABC RESULTS:      NAND2X0P5H7L cells:       12
ABC RESULTS:      NAND2X0P5H7R cells:      378
ABC RESULTS:      NAND2X0P7H7L cells:       17
ABC RESULTS:        NAND2X1H7L cells:       13
ABC RESULTS:        NAND2X1H7R cells:        2
ABC RESULTS:      NAND2X1P4H7L cells:       43
ABC RESULTS:      NAND2X1P4H7R cells:        3
ABC RESULTS:        NAND2X3H7L cells:        3
ABC RESULTS:     NAND3BX0P5H7R cells:       14
ABC RESULTS:       NAND3BX1H7L cells:        1
ABC RESULTS:     NAND3BX1P4H7L cells:        1
ABC RESULTS:       NAND3BX2H7L cells:        1
ABC RESULTS:      NAND3X0P5H7L cells:        3
ABC RESULTS:      NAND3X0P5H7R cells:       62
ABC RESULTS:      NAND3X1P4H7L cells:        8
ABC RESULTS:      NAND3X1P4H7R cells:        1
ABC RESULTS:    NAND4BBX0P5H7R cells:        2
ABC RESULTS:     NAND4BX0P5H7L cells:        1
ABC RESULTS:     NAND4BX0P5H7R cells:        4
ABC RESULTS:       NAND4BX1H7R cells:        1
ABC RESULTS:     NAND4BX1P4H7L cells:        1
ABC RESULTS:      NAND4X0P5H7L cells:        8
ABC RESULTS:      NAND4X0P5H7R cells:       37
ABC RESULTS:      NAND4X0P7H7L cells:        3
ABC RESULTS:        NAND4X1H7L cells:        3
ABC RESULTS:      NAND4X1P4H7L cells:        6
ABC RESULTS:        NAND4X2H7L cells:        1
ABC RESULTS:        NAND4X6H7L cells:        1
ABC RESULTS:        NOR2BX1H7L cells:       33
ABC RESULTS:        NOR2BX1H7R cells:       72
ABC RESULTS:      NOR2BX1P4H7L cells:       28
ABC RESULTS:      NOR2BX1P4H7R cells:        2
ABC RESULTS:        NOR2BX2H7L cells:        1
ABC RESULTS:        NOR2BX3H7L cells:        2
ABC RESULTS:        NOR2BX4H7L cells:        1
ABC RESULTS:       NOR2X0P5H7R cells:      217
ABC RESULTS:       NOR2X0P7H7L cells:        2
ABC RESULTS:       NOR2X0P7H7R cells:        1
ABC RESULTS:         NOR2X1H7L cells:        2
ABC RESULTS:         NOR2X1H7R cells:        3
ABC RESULTS:       NOR2X1P4H7L cells:       13
ABC RESULTS:       NOR2X1P4H7R cells:        1
ABC RESULTS:         NOR2X3H7L cells:        2
ABC RESULTS:         NOR2X4H7L cells:        1
ABC RESULTS:         NOR2X6H7L cells:        1
ABC RESULTS:      NOR3BX0P5H7R cells:        7
ABC RESULTS:      NOR3BX0P7H7R cells:        1
ABC RESULTS:      NOR3BX1P4H7L cells:        3
ABC RESULTS:      NOR3BX1P4H7R cells:        1
ABC RESULTS:        NOR3BX2H7L cells:        1
ABC RESULTS:        NOR3BX3H7L cells:        1
ABC RESULTS:       NOR3X0P5H7R cells:       44
ABC RESULTS:       NOR3X0P7H7L cells:        4
ABC RESULTS:         NOR3X1H7L cells:        2
ABC RESULTS:       NOR3X1P4H7L cells:        8
ABC RESULTS:         NOR3X3H7L cells:        2
ABC RESULTS:      OA211X0P5H7R cells:        2
ABC RESULTS:      OA211X0P7H7L cells:        2
ABC RESULTS:      OA211X0P7H7R cells:        3
ABC RESULTS:      OA211X1P4H7L cells:        4
ABC RESULTS:       OA21X0P7H7R cells:       18
ABC RESULTS:         OA21X1H7L cells:        1
ABC RESULTS:       OA21X1P4H7L cells:        3
ABC RESULTS:         OA21X4H7L cells:        1
ABC RESULTS:      OA221X0P5H7L cells:        2
ABC RESULTS:      OA221X0P5H7R cells:       10
ABC RESULTS:      OA221X0P7H7L cells:        1
ABC RESULTS:        OA221X3H7L cells:        1
ABC RESULTS:        OA221X4H7L cells:        1
ABC RESULTS:       OA22X0P5H7R cells:        4
ABC RESULTS:         OA31X1H7L cells:        3
ABC RESULTS:         OA31X1H7R cells:        2
ABC RESULTS:       OA31X1P4H7L cells:        1
ABC RESULTS:       OA31X1P4H7R cells:        1
ABC RESULTS:         OA31X3H7L cells:        1
ABC RESULTS:     OAI211X0P7H7L cells:        7
ABC RESULTS:     OAI211X0P7H7R cells:       48
ABC RESULTS:       OAI211X1H7L cells:        9
ABC RESULTS:     OAI211X1P4H7L cells:        9
ABC RESULTS:     OAI211X1P4H7R cells:        2
ABC RESULTS:       OAI211X2H7L cells:        4
ABC RESULTS:       OAI211X4H7L cells:        1
ABC RESULTS:     OAI21BX0P5H7R cells:        4
ABC RESULTS:     OAI21BX1P4H7L cells:        1
ABC RESULTS:      OAI21X0P5H7L cells:        6
ABC RESULTS:      OAI21X0P5H7R cells:      192
ABC RESULTS:      OAI21X0P7H7L cells:        5
ABC RESULTS:      OAI21X0P7H7R cells:        1
ABC RESULTS:        OAI21X1H7L cells:        6
ABC RESULTS:        OAI21X1H7R cells:        5
ABC RESULTS:      OAI21X1P4H7L cells:       20
ABC RESULTS:      OAI21X1P4H7R cells:        1
ABC RESULTS:        OAI21X2H7L cells:        1
ABC RESULTS:        OAI21X4H7L cells:        3
ABC RESULTS:     OAI221X0P5H7R cells:       11
ABC RESULTS:     OAI221X0P7H7L cells:        1
ABC RESULTS:       OAI221X1H7L cells:        1
ABC RESULTS:     OAI221X1P4H7L cells:        7
ABC RESULTS:      OAI22X0P5H7L cells:        1
ABC RESULTS:      OAI22X0P5H7R cells:       36
ABC RESULTS:      OAI22X1P4H7L cells:        1
ABC RESULTS:    OAI2BB1X0P5H7L cells:        2
ABC RESULTS:    OAI2BB1X0P5H7R cells:       35
ABC RESULTS:    OAI2BB1X1P4H7L cells:        5
ABC RESULTS:    OAI2XB1X0P5H7R cells:       12
ABC RESULTS:      OAI2XB1X1H7L cells:        1
ABC RESULTS:    OAI2XB1X1P4H7L cells:        2
ABC RESULTS:      OAI31X0P5H7R cells:       10
ABC RESULTS:        OAI31X1H7L cells:        2
ABC RESULTS:        OAI31X1H7R cells:        2
ABC RESULTS:      OAI31X1P4H7L cells:        4
ABC RESULTS:      OAI31X1P4H7R cells:        1
ABC RESULTS:        OAI31X3H7L cells:        1
ABC RESULTS:      OAI32X0P5H7R cells:        3
ABC RESULTS:        OAI32X1H7L cells:        1
ABC RESULTS:      OAI32X1P4H7L cells:        1
ABC RESULTS:        OAI32X2H7L cells:        1
ABC RESULTS:        OAI32X4H7L cells:        1
ABC RESULTS:     OAO211X0P5H7L cells:        2
ABC RESULTS:     OAO211X0P5H7R cells:        7
ABC RESULTS:       OAO211X1H7L cells:        1
ABC RESULTS:       OAO211X2H7L cells:        1
ABC RESULTS:       OAO211X4H7L cells:        1
ABC RESULTS:    OAOI211X0P5H7R cells:       33
ABC RESULTS:    OAOI211X0P7H7L cells:        1
ABC RESULTS:      OAOI211X1H7R cells:        1
ABC RESULTS:    OAOI211X1P4H7L cells:       19
ABC RESULTS:      OAOI211X2H7L cells:        1
ABC RESULTS:        OR2X0P5H7L cells:        5
ABC RESULTS:        OR2X0P5H7R cells:       26
ABC RESULTS:        OR2X0P7H7L cells:        1
ABC RESULTS:        OR2X0P7H7R cells:        2
ABC RESULTS:        OR2X1P4H7L cells:       12
ABC RESULTS:        OR2X1P4H7R cells:        2
ABC RESULTS:        OR3X0P5H7L cells:        2
ABC RESULTS:          OR3X1H7L cells:        1
ABC RESULTS:          OR3X1H7R cells:        8
ABC RESULTS:        OR3X1P4H7L cells:        3
ABC RESULTS:        OR4X1P4H7R cells:        4
ABC RESULTS:      XNOR2X0P5H7L cells:       13
ABC RESULTS:      XNOR2X0P5H7R cells:      162
ABC RESULTS:      XNOR2X0P7H7L cells:        7
ABC RESULTS:        XNOR2X1H7L cells:       35
ABC RESULTS:        XNOR2X1H7R cells:        1
ABC RESULTS:      XNOR2X1P4H7L cells:       66
ABC RESULTS:      XNOR2X1P4H7R cells:        1
ABC RESULTS:        XNOR2X3H7L cells:       21
ABC RESULTS:        XNOR2X3H7R cells:        1
ABC RESULTS:        XNOR2X4H7L cells:        2
ABC RESULTS:      XNOR3X0P7H7L cells:       12
ABC RESULTS:      XNOR3X0P7H7R cells:        7
ABC RESULTS:        XNOR3X1H7L cells:        3
ABC RESULTS:      XNOR3X1P4H7L cells:       35
ABC RESULTS:        XNOR3X3H7L cells:       49
ABC RESULTS:        XNOR3X4H7L cells:       11
ABC RESULTS:       XOR2X0P5H7L cells:        6
ABC RESULTS:       XOR2X0P5H7R cells:       72
ABC RESULTS:       XOR2X0P7H7L cells:        2
ABC RESULTS:       XOR2X0P7H7R cells:        1
ABC RESULTS:         XOR2X1H7L cells:       11
ABC RESULTS:       XOR2X1P4H7L cells:       49
ABC RESULTS:         XOR2X3H7L cells:       13
ABC RESULTS:         XOR2X4H7L cells:        1
ABC RESULTS:       XOR3X0P5H7L cells:        1
ABC RESULTS:       XOR3X0P5H7R cells:        2
ABC RESULTS:       XOR3X0P7H7L cells:        1
ABC RESULTS:         XOR3X1H7L cells:        1
ABC RESULTS:       XOR3X1P4H7L cells:       11
ABC RESULTS:         XOR3X3H7L cells:       27
ABC RESULTS:         XOR3X4H7L cells:        3
ABC RESULTS:        internal signals:     3911
ABC RESULTS:           input signals:      283
ABC RESULTS:          output signals:      273
Removing temp directory.
Removing global temp directory.

33. Executing HILOMAP pass (mapping to constant drivers).

34. Executing SETUNDEF pass (replace undef values with defined constants).

35. Executing OPT_CLEAN pass (remove unused cells and wires).
Finding unused cells or wires in module \Rv32ePca..
Removed 0 unused cells and 4467 unused wires.
<suppressed ~3777 debug messages>

36. Executing OPT_CLEAN pass (remove unused cells and wires).
Finding unused cells or wires in module \Rv32ePca..

37. Executing AUTONAME pass.
Renamed 7653 objects in module Rv32ePca.
<suppressed ~7653 debug messages>

38. Executing Verilog backend.
Dumping module `\Rv32ePca'.

39. Executing SPLITNETS pass (splitting up multi-bit signals).

40. Executing OPT_CLEAN pass (remove unused cells and wires).
Finding unused cells or wires in module \Rv32ePca..
Removed 0 unused cells and 3 unused wires.
<suppressed ~3 debug messages>

41. Printing statistics.

=== Rv32ePca ===

        +----------Local Count, excluding submodules.
        |        +-Local Area, excluding submodules.
        |        | 
     4245        - wires
     4245        - wire bits
     4245        - public wires
     4245        - public wire bits
      200        - ports
      200        - port bits
     4082  9462.04 cells
       22    36.96   AND2X1H7L
       31    52.08   AND2X1H7R
        1     1.68   AND2X1P4H7L
        1     1.68   AND2X1P4H7R
        1      4.2   AND2X8H7L
        1     1.96   AND3X0P5H7L
        3     5.88   AND3X0P5H7R
        5      9.8   AND3X1P4H7L
        6    11.76   AND3X1P4H7R
        1     2.24   AND4X0P5H7L
        4     8.96   AND4X0P5H7R
        1     2.24   AND4X1H7R
        6    13.44   AND4X1P4H7L
        1     2.24   AND4X1P4H7R
        1     2.52   AO211X0P7H7L
        1     2.52   AO211X1H7L
        2     5.04   AO211X1P4H7L
        6    15.12   AO211X1P4H7R
        1      2.8   AO211X3H7L
        1     3.08   AO211X4H7L
       21    47.04   AO21X1H7R
        2     4.48   AO21X1P4H7L
        3     9.24   AO221X0P7H7R
        1     3.08   AO221X1H7L
        1     3.08   AO221X1H7R
        1     3.08   AO221X1P4H7L
      104   262.08   AO22X0P7H7R
        1     2.52   AO22X1H7R
        3     7.56   AO31X0P5H7R
        1     2.52   AO31X1P4H7L
        1     2.52   AO31X1P4H7R
        1     2.52   AO31X3H7L
        4    10.08   AOA211X1H7L
        1     2.52   AOA211X1H7R
        9    22.68   AOA211X1P4H7L
        2     5.04   AOA211X1P4H7R
        2      5.6   AOA211X3H7L
        1     3.36   AOA211X4H7L
        2     3.92   AOAI211X0P5H7L
       71   139.16   AOAI211X0P5H7R
        2     3.92   AOAI211X0P7H7L
        3     5.88   AOAI211X1H7L
        2     3.92   AOAI211X1H7R
       10     19.6   AOAI211X1P4H7L
        4     7.84   AOAI211X1P4H7R
        2     5.04   AOAI211X2H7L
        1      4.2   AOAI211X4H7L
        3     5.88   AOI211X0P5H7L
       23    45.08   AOI211X0P5H7R
        3     5.88   AOI211X0P7H7L
        6    11.76   AOI211X1H7L
        6    11.76   AOI211X1P4H7L
        1      4.2   AOI211X4H7L
        6    13.44   AOI21BX0P5H7R
        1     2.24   AOI21BX0P7H7L
        1     2.24   AOI21BX1P4H7L
        2     4.48   AOI21BX2H7L
        3      4.2   AOI21X0P5H7L
      233    326.2   AOI21X0P5H7R
        8     11.2   AOI21X0P7H7L
        3      4.2   AOI21X0P7H7R
        4      5.6   AOI21X1H7L
        1      1.4   AOI21X1H7R
       29     40.6   AOI21X1P4H7L
        1      1.4   AOI21X1P4H7R
        1     1.96   AOI21X2H7L
        1      2.8   AOI21X3H7L
        1     3.64   AOI21X4H7L
       36    90.72   AOI221X0P5H7R
        1     2.52   AOI221X0P7H7L
        2     5.04   AOI221X1H7L
        3     7.56   AOI221X1P4H7L
        2     8.96   AOI221X3H7L
        1      5.6   AOI221X4H7L
        1     1.96   AOI22X0P5H7L
       77   150.92   AOI22X0P5H7R
        3     5.88   AOI22X1H7L
        3     5.88   AOI22X1H7R
        5      9.8   AOI22X1P4H7L
       57   111.72   AOI2BB1X0P5H7R
        2     3.92   AOI2BB1X1H7L
        6    11.76   AOI2BB1X1P4H7L
        1     1.96   AOI2BB1X1P4H7R
       13    29.12   AOI2XB1X0P5H7R
        6    13.44   AOI2XB1X1H7L
        2     4.48   AOI2XB1X1H7R
        1     1.96   AOI31X0P5H7L
       21    41.16   AOI31X0P5H7R
        1     1.96   AOI31X0P7H7L
        1     1.96   AOI31X1H7L
        4     7.84   AOI31X1P4H7L
        1     2.24   AOI31X2H7L
       10     22.4   AOI32X0P5H7R
        9    20.16   AOI32X1P4H7L
        1     2.24   AOI32X1P4H7R
        1     3.92   BUFX12H7L
        2     2.24   BUFX1H7R
       37    41.44   BUFX1P4H7L
       22     30.8   BUFX3H7L
       25       42   BUFX3P5H7L
       38    74.48   BUFX5H7L
       18    45.36   BUFX7H7L
        1      2.8   BUFX8H7L
      134   825.44   DFFQX0P5H7R
      103   807.52   DFFRQX0P5H7R
        1     0.84   INVX0P5H7L
       77    64.68   INVX0P5H7R
        1     0.84   INVX1H7L
        5      4.2   INVX1P4H7L
      144    403.2   MUX2X0P5H7R
        1      2.8   MUX2X1H7L
        3      8.4   MUX2X1P4H7L
       16   103.04   MUX4X1P4H7R
        8    24.64   MUXI2X0P5H7R
        2      2.8   NAND2BX0P5H7L
       85      119   NAND2BX0P5H7R
        3      4.2   NAND2BX0P7H7L
        3      4.2   NAND2BX1H7L
        1      1.4   NAND2BX1H7R
       14     19.6   NAND2BX1P4H7L
        1     3.64   NAND2BX6H7L
        1     4.48   NAND2BX8H7L
       12    13.44   NAND2X0P5H7L
      378   423.36   NAND2X0P5H7R
       17    19.04   NAND2X0P7H7L
       13    14.56   NAND2X1H7L
        2     2.24   NAND2X1H7R
       43    48.16   NAND2X1P4H7L
        3     3.36   NAND2X1P4H7R
        3     5.88   NAND2X3H7L
       14    27.44   NAND3BX0P5H7R
        1     1.96   NAND3BX1H7L
        1     1.96   NAND3BX1P4H7L
        1     1.96   NAND3BX2H7L
        3      4.2   NAND3X0P5H7L
       62     86.8   NAND3X0P5H7R
        8     11.2   NAND3X1P4H7L
        1      1.4   NAND3X1P4H7R
        2      5.6   NAND4BBX0P5H7R
        1     2.24   NAND4BX0P5H7L
        4     8.96   NAND4BX0P5H7R
        1     2.24   NAND4BX1H7R
        1     2.24   NAND4BX1P4H7L
        8    15.68   NAND4X0P5H7L
       37    72.52   NAND4X0P5H7R
        3     5.88   NAND4X0P7H7L
        3     5.88   NAND4X1H7L
        6    11.76   NAND4X1P4H7L
        1     2.24   NAND4X2H7L
        1     5.32   NAND4X6H7L
       33     46.2   NOR2BX1H7L
       72    100.8   NOR2BX1H7R
       28     39.2   NOR2BX1P4H7L
        2      2.8   NOR2BX1P4H7R
        1     1.68   NOR2BX2H7L
        2     5.04   NOR2BX3H7L
        1     3.08   NOR2BX4H7L
      217   243.04   NOR2X0P5H7R
        2     2.24   NOR2X0P7H7L
        1     1.12   NOR2X0P7H7R
        2     2.24   NOR2X1H7L
        3     3.36   NOR2X1H7R
       13    14.56   NOR2X1P4H7L
        1     1.12   NOR2X1P4H7R
        2     3.92   NOR2X3H7L
        1     3.36   NOR2X4H7L
        1     3.36   NOR2X6H7L
        7    13.72   NOR3BX0P5H7R
        1     1.96   NOR3BX0P7H7R
        3     5.88   NOR3BX1P4H7L
        1     1.96   NOR3BX1P4H7R
        1     3.08   NOR3BX2H7L
        1     3.36   NOR3BX3H7L
       44     61.6   NOR3X0P5H7R
        4      5.6   NOR3X0P7H7L
        2      2.8   NOR3X1H7L
        8     11.2   NOR3X1P4H7L
        2      5.6   NOR3X3H7L
        2     5.04   OA211X0P5H7R
        2     5.04   OA211X0P7H7L
        3     7.56   OA211X0P7H7R
        4    10.08   OA211X1P4H7L
       18    40.32   OA21X0P7H7R
        1     2.24   OA21X1H7L
        3     6.72   OA21X1P4H7L
        1      2.8   OA21X4H7L
        2      5.6   OA221X0P5H7L
       10       28   OA221X0P5H7R
        1      2.8   OA221X0P7H7L
        1     3.36   OA221X3H7L
        1     3.64   OA221X4H7L
        4    10.08   OA22X0P5H7R
        3     6.72   OA31X1H7L
        2     4.48   OA31X1H7R
        1     2.24   OA31X1P4H7L
        1     2.24   OA31X1P4H7R
        1     2.52   OA31X3H7L
        7    11.76   OAI211X0P7H7L
       48    80.64   OAI211X0P7H7R
        9    15.12   OAI211X1H7L
        9    15.12   OAI211X1P4H7L
        2     3.36   OAI211X1P4H7R
        4    10.08   OAI211X2H7L
        1      4.2   OAI211X4H7L
        4     8.96   OAI21BX0P5H7R
        1     2.24   OAI21BX1P4H7L
        6      8.4   OAI21X0P5H7L
      192    268.8   OAI21X0P5H7R
        5        7   OAI21X0P7H7L
        1      1.4   OAI21X0P7H7R
        6      8.4   OAI21X1H7L
        5        7   OAI21X1H7R
       20       28   OAI21X1P4H7L
        1      1.4   OAI21X1P4H7R
        1     2.24   OAI21X2H7L
        3    10.08   OAI21X4H7L
       11    27.72   OAI221X0P5H7R
        1     2.52   OAI221X0P7H7L
        1     2.52   OAI221X1H7L
        7    17.64   OAI221X1P4H7L
        1     1.96   OAI22X0P5H7L
       36    70.56   OAI22X0P5H7R
        1     1.96   OAI22X1P4H7L
        2     3.92   OAI2BB1X0P5H7L
       35     68.6   OAI2BB1X0P5H7R
        5      9.8   OAI2BB1X1P4H7L
       12    26.88   OAI2XB1X0P5H7R
        1     2.24   OAI2XB1X1H7L
        2     4.48   OAI2XB1X1P4H7L
       10     19.6   OAI31X0P5H7R
        2     3.92   OAI31X1H7L
        2     3.92   OAI31X1H7R
        4     7.84   OAI31X1P4H7L
        1     1.96   OAI31X1P4H7R
        1     3.36   OAI31X3H7L
        3     6.72   OAI32X0P5H7R
        1     2.24   OAI32X1H7L
        1     2.24   OAI32X1P4H7L
        1      2.8   OAI32X2H7L
        1     8.12   OAI32X4H7L
        2      5.6   OAO211X0P5H7L
        7     19.6   OAO211X0P5H7R
        1      2.8   OAO211X1H7L
        1      2.8   OAO211X2H7L
        1     3.36   OAO211X4H7L
       33    73.92   OAOI211X0P5H7R
        1     2.24   OAOI211X0P7H7L
        1     2.24   OAOI211X1H7R
       19    42.56   OAOI211X1P4H7L
        1     2.52   OAOI211X2H7L
        5        7   OR2X0P5H7L
       26     36.4   OR2X0P5H7R
        1      1.4   OR2X0P7H7L
        2      2.8   OR2X0P7H7R
       12     16.8   OR2X1P4H7L
        2      2.8   OR2X1P4H7R
        2     3.92   OR3X0P5H7L
        1     1.96   OR3X1H7L
        8    15.68   OR3X1H7R
        3     5.88   OR3X1P4H7L
        4     8.96   OR4X1P4H7R
        1     1.12   TIEHIH7R
        1     1.12   TIELOH7R
       13     36.4   XNOR2X0P5H7L
      162    453.6   XNOR2X0P5H7R
        7     19.6   XNOR2X0P7H7L
       35       98   XNOR2X1H7L
        1      2.8   XNOR2X1H7R
       66    184.8   XNOR2X1P4H7L
        1      2.8   XNOR2X1P4H7R
       21    70.56   XNOR2X3H7L
        1     3.36   XNOR2X3H7R
        2     7.28   XNOR2X4H7L
       12    70.56   XNOR3X0P7H7L
        7    41.16   XNOR3X0P7H7R
        3    17.64   XNOR3X1H7L
       35    205.8   XNOR3X1P4H7L
       49   315.56   XNOR3X3H7L
       11       77   XNOR3X4H7L
        6     16.8   XOR2X0P5H7L
       72    201.6   XOR2X0P5H7R
        2      5.6   XOR2X0P7H7L
        1      2.8   XOR2X0P7H7R
       11     30.8   XOR2X1H7L
       49    137.2   XOR2X1P4H7L
       13    43.68   XOR2X3H7L
        1     3.64   XOR2X4H7L
        1     5.88   XOR3X0P5H7L
        2    11.76   XOR3X0P5H7R
        1     5.88   XOR3X0P7H7L
        1     5.88   XOR3X1H7L
       11    64.68   XOR3X1P4H7L
       27   173.88   XOR3X3H7L
        3       21   XOR3X4H7L

   Chip area for module '\Rv32ePca': 9462.040000
     of which used for sequential elements: 1632.960000 (17.26%)


43. Executing Verilog backend.
Dumping module `\Rv32ePca'.

Warnings: 1 unique messages, 1 total
Deprecated features used:
    opt_demorgan
End of script. Logfile hash: 90092c186a, time: 11.76s, user: 3.42s, system: 0.80s, MEM: 415.50 MB peak
Yosys 0.69+24 (git sha1 d0e71cfb7-dirty, Release, Clang /usr/bin/clang++ 21.1.8)
Time spent: 66% 2x abc (8 sec), 8% 4x stat (1 sec), ...
[ECC 20260913 21:47:29 yDvi8CoD dm_config.cpp:51 [1;34mInfo[0m initConfig] [Data config] begin config, path = /home/ultra9/mpc-frame/designs/rv32e-pca-5000inst/ws_0002/config/db_ecc.json
[ECC 20260913 21:47:29 yDvi8CoD dm_config.h:82 [1;34mInfo[0m set_tech_lef_path] [Data config set] tech lef = /home/ultra9/.local/share/ecos-studio/pdks/ics55/1.10.102/prtech/techLEF/N551P6M_ecos.lef
[ECC 20260913 21:47:29 yDvi8CoD dm_config.h:88 [1;34mInfo[0m set_lef_paths] [Data config set] lef = /home/ultra9/.local/share/ecos-studio/pdks/ics55/1.10.102/IP/STD_cell/ics55_LLSC_H7C_V1p10C100/ics55_LLSC_H7CR/lef/ics55_LLSC_H7CR_ecos.lef
[ECC 20260913 21:47:29 yDvi8CoD dm_config.h:88 [1;34mInfo[0m set_lef_paths] [Data config set] lef = /home/ultra9/.local/share/ecos-studio/pdks/ics55/1.10.102/IP/STD_cell/ics55_LLSC_H7C_V1p10C100/ics55_LLSC_H7CL/lef/ics55_LLSC_H7CL_ecos.lef
[ECC 20260913 21:47:29 yDvi8CoD dm_config.h:94 [1;34mInfo[0m set_def_path] [Data config set] def = /home/ultra9/mpc-frame/designs/rv32e-pca-5000inst/ws_0002/sta_ecc/output/pca_sta.def.gz
[ECC 20260913 21:47:29 yDvi8CoD dm_config.h:99 [1;34mInfo[0m set_verilog_path] [Data config set] verilog = /home/ultra9/mpc-frame/designs/rv32e-pca-5000inst/ws_0002/sta_ecc/output/pca_sta.v.gz
[ECC 20260913 21:47:29 yDvi8CoD dm_config.h:110 [1;34mInfo[0m set_lib_paths] [Data config set] lib = /home/ultra9/.local/share/ecos-studio/pdks/ics55/1.10.102/IP/STD_cell/ics55_LLSC_H7C_V1p10C100/ics55_LLSC_H7CR/liberty/ics55_LLSC_H7CR_ss_rcworst_1p08_125_nldm.lib
[ECC 20260913 21:47:29 yDvi8CoD dm_config.h:110 [1;34mInfo[0m set_lib_paths] [Data config set] lib = /home/ultra9/.local/share/ecos-studio/pdks/ics55/1.10.102/IP/STD_cell/ics55_LLSC_H7C_V1p10C100/ics55_LLSC_H7CL/liberty/ics55_LLSC_H7CL_ss_rcworst_1p08_125_nldm.lib
[ECC 20260913 21:47:29 yDvi8CoD dm_config.h:116 [1;34mInfo[0m set_sdc_path] [Data config set] sdc = /home/ultra9/mpc-frame/designs/rv32e-pca-5000inst/ws_0002/origin/pca.sdc
[ECC 20260913 21:47:29 yDvi8CoD dm_config.h:122 [1;34mInfo[0m set_spef_path] [Data config set] spef = 
[ECC 20260913 21:47:29 yDvi8CoD dm_config.h:128 [1;34mInfo[0m set_vcd_path] [Data config set] vcd = 
[ECC 20260913 21:47:29 yDvi8CoD dm_config.h:104 [1;34mInfo[0m set_output_path] [Data config set] output dir = /home/ultra9/mpc-frame/designs/rv32e-pca-5000inst/ws_0002/Harden_ecc/output
[ECC 20260913 21:47:29 yDvi8CoD dm_config.cpp:86 [1;34mInfo[0m initConfig] [Data config] end config
[ECC 20260913 21:47:29 yDvi8CoD dm_config.h:104 [1;34mInfo[0m set_output_path] [Data config set] output dir = /home/ultra9/mpc-frame/designs/rv32e-pca-5000inst/ws_0002/Synthesis_yosys/data
[ECC 20260913 21:47:29 yDvi8CoD dm_config.h:134 [1;34mInfo[0m set_feature_path] [Data config set] feature = /home/ultra9/mpc-frame/designs/rv32e-pca-5000inst/ws_0002/Synthesis_yosys/feature
[ECC 20260913 21:47:29 yDvi8CoD dm_config.h:82 [1;34mInfo[0m set_tech_lef_path] [Data config set] tech lef = /home/ultra9/.local/share/ecos-studio/pdks/ics55/1.10.102/prtech/techLEF/N551P6M_ecos.lef
[ECC 20260913 21:47:29 yDvi8CoD builder.cpp:221 [1;34mInfo[0m buildLef] Read LEF file : /home/ultra9/.local/share/ecos-studio/pdks/ics55/1.10.102/prtech/techLEF/N551P6M_ecos.lef
[ECC 20260913 21:47:29 yDvi8CoD dm_config.h:88 [1;34mInfo[0m set_lef_paths] [Data config set] lef = /home/ultra9/.local/share/ecos-studio/pdks/ics55/1.10.102/IP/STD_cell/ics55_LLSC_H7C_V1p10C100/ics55_LLSC_H7CR/lef/ics55_LLSC_H7CR_ecos.lef
[ECC 20260913 21:47:29 yDvi8CoD dm_config.h:88 [1;34mInfo[0m set_lef_paths] [Data config set] lef = /home/ultra9/.local/share/ecos-studio/pdks/ics55/1.10.102/IP/STD_cell/ics55_LLSC_H7C_V1p10C100/ics55_LLSC_H7CL/lef/ics55_LLSC_H7CL_ecos.lef
[ECC 20260913 21:47:29 yDvi8CoD builder.cpp:221 [1;34mInfo[0m buildLef] Read LEF file : /home/ultra9/.local/share/ecos-studio/pdks/ics55/1.10.102/IP/STD_cell/ics55_LLSC_H7C_V1p10C100/ics55_LLSC_H7CR/lef/ics55_LLSC_H7CR_ecos.lef
[ECC 20260913 21:47:29 yDvi8CoD builder.cpp:221 [1;34mInfo[0m buildLef] Read LEF file : /home/ultra9/.local/share/ecos-studio/pdks/ics55/1.10.102/IP/STD_cell/ics55_LLSC_H7C_V1p10C100/ics55_LLSC_H7CL/lef/ics55_LLSC_H7CL_ecos.lef
[ECC 20260913 21:47:29 yDvi8CoD dm_config.h:99 [1;34mInfo[0m set_verilog_path] [Data config set] verilog = /home/ultra9/mpc-frame/designs/rv32e-pca-5000inst/ws_0002/Synthesis_yosys/output/pca_Synthesis.v.gz
[ECC 20260913 21:47:29 yDvi8CoD builder.cpp:249 [1;34mInfo[0m buildVerilog] Read Verilog file success : /home/ultra9/mpc-frame/designs/rv32e-pca-5000inst/ws_0002/Synthesis_yosys/output/pca_Synthesis.v.gz
[ECC 20260913 21:47:29 yDvi8CoD VerilogReader.cc:42 [1;34mInfo[0m readVerilog] load verilog file /tmp/verilog_read_XDzAWp.v
[ECC 20260913 21:47:29 yDvi8CoD verilog_read.cpp:463 [1;34mInfo[0m build_pins] Processed 1000 pins...
[ECC 20260913 21:47:29 yDvi8CoD verilog_read.cpp:463 [1;34mInfo[0m build_pins] Processed 2000 pins...
[ECC 20260913 21:47:29 yDvi8CoD verilog_read.cpp:463 [1;34mInfo[0m build_pins] Processed 3000 pins...
[ECC 20260913 21:47:29 yDvi8CoD verilog_read.cpp:463 [1;34mInfo[0m build_pins] Processed 4000 pins...
[ECC 20260913 21:47:29 yDvi8CoD verilog_read.cpp:576 [1;34mInfo[0m build_nets] Processed 1000 nets...
[ECC 20260913 21:47:29 yDvi8CoD verilog_read.cpp:576 [1;34mInfo[0m build_nets] Processed 2000 nets...
[ECC 20260913 21:47:29 yDvi8CoD verilog_read.cpp:576 [1;34mInfo[0m build_nets] Processed 3000 nets...
[ECC 20260913 21:47:29 yDvi8CoD verilog_read.cpp:576 [1;34mInfo[0m build_nets] Processed 4000 nets...
[ECC 20260913 21:47:29 yDvi8CoD verilog_read.cpp:1231 [1;34mInfo[0m build_components] Processed 1000 components...
[ECC 20260913 21:47:29 yDvi8CoD verilog_read.cpp:1231 [1;34mInfo[0m build_components] Processed 2000 components...
[ECC 20260913 21:47:29 yDvi8CoD verilog_read.cpp:1231 [1;34mInfo[0m build_components] Processed 3000 components...
[ECC 20260913 21:47:29 yDvi8CoD verilog_read.cpp:1231 [1;34mInfo[0m build_components] Processed 4000 components...
[ECC 20260913 21:47:29 yDvi8CoD dm_config.h:110 [1;34mInfo[0m set_lib_paths] [Data config set] lib = /home/ultra9/.local/share/ecos-studio/pdks/ics55/1.10.102/IP/STD_cell/ics55_LLSC_H7C_V1p10C100/ics55_LLSC_H7CR/liberty/ics55_LLSC_H7CR_ss_rcworst_1p08_125_nldm.lib
[ECC 20260913 21:47:29 yDvi8CoD dm_config.h:110 [1;34mInfo[0m set_lib_paths] [Data config set] lib = /home/ultra9/.local/share/ecos-studio/pdks/ics55/1.10.102/IP/STD_cell/ics55_LLSC_H7C_V1p10C100/ics55_LLSC_H7CL/liberty/ics55_LLSC_H7CL_ss_rcworst_1p08_125_nldm.lib
[ECC 20260913 21:47:29 yDvi8CoD LibParserCpp.cc:2055 [1;34mInfo[0m readLib] load liberty file /home/ultra9/.local/share/ecos-studio/pdks/ics55/1.10.102/IP/STD_cell/ics55_LLSC_H7C_V1p10C100/ics55_LLSC_H7CR/liberty/ics55_LLSC_H7CR_ss_rcworst_1p08_125_nldm.lib
[ECC 20260913 21:47:30 yDvi8CoD LibParserCpp.cc:2071 [1;34mInfo[0m readLib] load liberty file /home/ultra9/.local/share/ecos-studio/pdks/ics55/1.10.102/IP/STD_cell/ics55_LLSC_H7C_V1p10C100/ics55_LLSC_H7CR/liberty/ics55_LLSC_H7CR_ss_rcworst_1p08_125_nldm.lib success.
[ECC 20260913 21:47:30 yDvi8CoD LibParserCpp.cc:2055 [1;34mInfo[0m readLib] load liberty file /home/ultra9/.local/share/ecos-studio/pdks/ics55/1.10.102/IP/STD_cell/ics55_LLSC_H7C_V1p10C100/ics55_LLSC_H7CL/liberty/ics55_LLSC_H7CL_ss_rcworst_1p08_125_nldm.lib
[ECC 20260913 21:47:32 yDvi8CoD LibParserCpp.cc:2071 [1;34mInfo[0m readLib] load liberty file /home/ultra9/.local/share/ecos-studio/pdks/ics55/1.10.102/IP/STD_cell/ics55_LLSC_H7C_V1p10C100/ics55_LLSC_H7CL/liberty/ics55_LLSC_H7CL_ss_rcworst_1p08_125_nldm.lib success.
[ECC 20260913 21:47:32 yDvi8CoD dm_config.h:116 [1;34mInfo[0m set_sdc_path] [Data config set] sdc = /home/ultra9/mpc-frame/designs/rv32e-pca-5000inst/ws_0002/origin/pca.sdc
[ECC 20260913 21:47:32 yDvi8CoD dm_config.h:122 [1;34mInfo[0m set_spef_path] [Data config set] spef = 
[ECC 20260913 21:47:32 yDvi8CoD SpefReader.cc:23 [1;33mWarn[0m parseSpefFile] open spef file failed: 
[STA 20260913 21:47:32 yDvi8CoD STAInterface.cpp:75 [1;34mInfo[0m initSTA] >>>>>>>>>>>>>>>>>>>>>>>>>>>>>>>>>>>>>>>>>>>>>>>>>>>>>>>>>>>>>>>>>>>>>>>>>>>>>>
[STA 20260913 21:47:32 yDvi8CoD STAInterface.cpp:76 [1;34mInfo[0m initSTA] _____ _______________________       _______________________ ________ ________ 
[STA 20260913 21:47:32 yDvi8CoD STAInterface.cpp:77 [1;34mInfo[0m initSTA] ___(_)__  ___/___  __/___    |      __  ___/___  __/___    |___  __ \___  __/
[STA 20260913 21:47:32 yDvi8CoD STAInterface.cpp:78 [1;34mInfo[0m initSTA] __  / _____ \ __  /   __  /| |      _____ \ __  /   __  /| |__  /_/ /__  /  
[STA 20260913 21:47:32 yDvi8CoD STAInterface.cpp:79 [1;34mInfo[0m initSTA] _  /  ____/ / _  /    _  ___ |      ____/ / _  /    _  ___ |_  _, _/ _  /     
[STA 20260913 21:47:32 yDvi8CoD STAInterface.cpp:80 [1;34mInfo[0m initSTA] /_/   /____/  /_/     /_/  |_|      /____/  /_/     /_/  |_|/_/ |_|  /_/      
[STA 20260913 21:47:32 yDvi8CoD STAInterface.cpp:81 [1;34mInfo[0m initSTA] >>>>>>>>>>>>>>>>>>>>>>>>>>>>>>>>>>>>>>>>>>>>>>>>>>>>>>>>>>>>>>>>>>>>>>>>>>>>>>
[STA 20260913 21:47:32 yDvi8CoD STAInterface.cpp:88 [1;34mInfo[0m initSTA] Starting...
[STA 20260913 21:47:32 yDvi8CoD DataManager.cpp:57 [1;34mInfo[0m input] Starting...
[STA 20260913 21:47:32 yDvi8CoD Utility.hpp:100 [1;33mWarn[0m getConfigValue<int>] The config '-thread_number' uses the default value!
[STA 20260913 21:47:32 yDvi8CoD Utility.hpp:100 [1;33mWarn[0m getConfigValue<int>] The config '-nworst' uses the default value!
[STA 20260913 21:47:32 yDvi8CoD Utility.hpp:100 [1;33mWarn[0m getConfigValue<std::__cxx11::basic_string<char> >] The config '-delay_type' uses the default value!
[STA 20260913 21:47:32 yDvi8CoD Utility.hpp:100 [1;33mWarn[0m getConfigValue<std::__cxx11::basic_string<char> >] The config '-start_end_type' uses the default value!
[STA 20260913 21:47:32 yDvi8CoD STAInterface.cpp:515 [1;34mInfo[0m wrapTimingLibrary] Starting...
[STA 20260913 21:47:37 yDvi8CoD STAInterface.cpp:529 [1;34mInfo[0m wrapTimingLibrary] Completed (elapsed = 00:00:05, cpu = 00:00:05, mem = 259.73MB) 
[STA 20260913 21:47:37 yDvi8CoD DataManager.cpp:329 [1;34mInfo[0m printConfig] STA_CONFIG_INPUT
[STA 20260913 21:47:37 yDvi8CoD DataManager.cpp:330 [1;34mInfo[0m printConfig]   temp_directory_path
[STA 20260913 21:47:37 yDvi8CoD DataManager.cpp:331 [1;34mInfo[0m printConfig]     /home/ultra9/mpc-frame/designs/rv32e-pca-5000inst/ws_0002/Synthesis_yosys/data/sta/
[STA 20260913 21:47:37 yDvi8CoD DataManager.cpp:332 [1;34mInfo[0m printConfig]   thread_number
[STA 20260913 21:47:37 yDvi8CoD DataManager.cpp:333 [1;34mInfo[0m printConfig]     128
[STA 20260913 21:47:37 yDvi8CoD DataManager.cpp:334 [1;34mInfo[0m printConfig]   path_report_number
[STA 20260913 21:47:37 yDvi8CoD DataManager.cpp:335 [1;34mInfo[0m printConfig]     1000
[STA 20260913 21:47:37 yDvi8CoD DataManager.cpp:336 [1;34mInfo[0m printConfig]   endpoint_path_report_number
[STA 20260913 21:47:37 yDvi8CoD DataManager.cpp:337 [1;34mInfo[0m printConfig]     1
[STA 20260913 21:47:37 yDvi8CoD DataManager.cpp:338 [1;34mInfo[0m printConfig]   timing_report_delay_type
[STA 20260913 21:47:37 yDvi8CoD DataManager.cpp:339 [1;34mInfo[0m printConfig]     max
[STA 20260913 21:47:37 yDvi8CoD DataManager.cpp:340 [1;34mInfo[0m printConfig]   timing_report_start_end_type
[STA 20260913 21:47:37 yDvi8CoD DataManager.cpp:341 [1;34mInfo[0m printConfig]     all
[STA 20260913 21:47:37 yDvi8CoD DataManager.cpp:342 [1;34mInfo[0m printConfig]   has_timing_report_slack_lesser_than
[STA 20260913 21:47:37 yDvi8CoD DataManager.cpp:343 [1;34mInfo[0m printConfig]     0
[STA 20260913 21:47:37 yDvi8CoD DataManager.cpp:344 [1;34mInfo[0m printConfig]   timing_report_slack_lesser_than
[STA 20260913 21:47:37 yDvi8CoD DataManager.cpp:345 [1;34mInfo[0m printConfig]     0
[STA 20260913 21:47:37 yDvi8CoD DataManager.cpp:346 [1;34mInfo[0m printConfig]   has_timing_report_slack_greater_than
[STA 20260913 21:47:37 yDvi8CoD DataManager.cpp:347 [1;34mInfo[0m printConfig]     0
[STA 20260913 21:47:37 yDvi8CoD DataManager.cpp:348 [1;34mInfo[0m printConfig]   timing_report_slack_greater_than
[STA 20260913 21:47:37 yDvi8CoD DataManager.cpp:349 [1;34mInfo[0m printConfig]     0
[STA 20260913 21:47:37 yDvi8CoD DataManager.cpp:350 [1;34mInfo[0m printConfig]   output_timing_reports
[STA 20260913 21:47:37 yDvi8CoD DataManager.cpp:351 [1;34mInfo[0m printConfig]     1
[STA 20260913 21:47:37 yDvi8CoD DataManager.cpp:352 [1;34mInfo[0m printConfig]   output_timing_features
[STA 20260913 21:47:37 yDvi8CoD DataManager.cpp:353 [1;34mInfo[0m printConfig]     1
[STA 20260913 21:47:37 yDvi8CoD DataManager.cpp:354 [1;34mInfo[0m printConfig]   timing_path_limit
[STA 20260913 21:47:37 yDvi8CoD DataManager.cpp:355 [1;34mInfo[0m printConfig]     20
[STA 20260913 21:47:37 yDvi8CoD DataManager.cpp:357 [1;34mInfo[0m printConfig] STA_CONFIG_BUILD
[STA 20260913 21:47:37 yDvi8CoD DataManager.cpp:358 [1;34mInfo[0m printConfig]   log_file_path
[STA 20260913 21:47:37 yDvi8CoD DataManager.cpp:359 [1;34mInfo[0m printConfig]     /home/ultra9/mpc-frame/designs/rv32e-pca-5000inst/ws_0002/Synthesis_yosys/data/sta/sta.log
[STA 20260913 21:47:37 yDvi8CoD DataManager.cpp:361 [1;34mInfo[0m printConfig]   DataManager
[STA 20260913 21:47:37 yDvi8CoD DataManager.cpp:362 [1;34mInfo[0m printConfig]     dm_temp_directory_path
[STA 20260913 21:47:37 yDvi8CoD DataManager.cpp:363 [1;34mInfo[0m printConfig]       /home/ultra9/mpc-frame/designs/rv32e-pca-5000inst/ws_0002/Synthesis_yosys/data/sta/data_manager/
[STA 20260913 21:47:37 yDvi8CoD DataManager.cpp:365 [1;34mInfo[0m printConfig]   GraphBuilder
[STA 20260913 21:47:37 yDvi8CoD DataManager.cpp:366 [1;34mInfo[0m printConfig]     gb_temp_directory_path
[STA 20260913 21:47:37 yDvi8CoD DataManager.cpp:367 [1;34mInfo[0m printConfig]       /home/ultra9/mpc-frame/designs/rv32e-pca-5000inst/ws_0002/Synthesis_yosys/data/sta/graph_builder/
[STA 20260913 21:47:37 yDvi8CoD DataManager.cpp:369 [1;34mInfo[0m printConfig]   DelayCalculator
[STA 20260913 21:47:37 yDvi8CoD DataManager.cpp:370 [1;34mInfo[0m printConfig]     dc_temp_directory_path
[STA 20260913 21:47:37 yDvi8CoD DataManager.cpp:371 [1;34mInfo[0m printConfig]       /home/ultra9/mpc-frame/designs/rv32e-pca-5000inst/ws_0002/Synthesis_yosys/data/sta/delay_calculator/
[STA 20260913 21:47:37 yDvi8CoD DataManager.cpp:373 [1;34mInfo[0m printConfig]   ClockPropagator
[STA 20260913 21:47:37 yDvi8CoD DataManager.cpp:374 [1;34mInfo[0m printConfig]     cp_temp_directory_path
[STA 20260913 21:47:37 yDvi8CoD DataManager.cpp:375 [1;34mInfo[0m printConfig]       /home/ultra9/mpc-frame/designs/rv32e-pca-5000inst/ws_0002/Synthesis_yosys/data/sta/clock_propagator/
[STA 20260913 21:47:37 yDvi8CoD DataManager.cpp:377 [1;34mInfo[0m printConfig]   TimingPropagator
[STA 20260913 21:47:37 yDvi8CoD DataManager.cpp:378 [1;34mInfo[0m printConfig]     tp_temp_directory_path
[STA 20260913 21:47:37 yDvi8CoD DataManager.cpp:379 [1;34mInfo[0m printConfig]       /home/ultra9/mpc-frame/designs/rv32e-pca-5000inst/ws_0002/Synthesis_yosys/data/sta/timing_propagator/
[STA 20260913 21:47:37 yDvi8CoD DataManager.cpp:381 [1;34mInfo[0m printConfig]   PowerPropagator
[STA 20260913 21:47:37 yDvi8CoD DataManager.cpp:382 [1;34mInfo[0m printConfig]     pp_temp_directory_path
[STA 20260913 21:47:37 yDvi8CoD DataManager.cpp:383 [1;34mInfo[0m printConfig]       /home/ultra9/mpc-frame/designs/rv32e-pca-5000inst/ws_0002/Synthesis_yosys/data/sta/power_propagator/
[STA 20260913 21:47:37 yDvi8CoD DataManager.cpp:385 [1;34mInfo[0m printConfig]   TimingAnalyzer
[STA 20260913 21:47:37 yDvi8CoD DataManager.cpp:386 [1;34mInfo[0m printConfig]     ta_temp_directory_path
[STA 20260913 21:47:37 yDvi8CoD DataManager.cpp:387 [1;34mInfo[0m printConfig]       /home/ultra9/mpc-frame/designs/rv32e-pca-5000inst/ws_0002/Synthesis_yosys/data/sta/timing_analyzer/
[STA 20260913 21:47:37 yDvi8CoD DataManager.cpp:389 [1;34mInfo[0m printConfig]   PowerAnalyzer
[STA 20260913 21:47:37 yDvi8CoD DataManager.cpp:390 [1;34mInfo[0m printConfig]     pa_temp_directory_path
[STA 20260913 21:47:37 yDvi8CoD DataManager.cpp:391 [1;34mInfo[0m printConfig]       /home/ultra9/mpc-frame/designs/rv32e-pca-5000inst/ws_0002/Synthesis_yosys/data/sta/power_analyzer/
[STA 20260913 21:47:37 yDvi8CoD DataManager.cpp:393 [1;34mInfo[0m printConfig]   TimingCharacterizer
[STA 20260913 21:47:37 yDvi8CoD DataManager.cpp:394 [1;34mInfo[0m printConfig]     tc_temp_directory_path
[STA 20260913 21:47:37 yDvi8CoD DataManager.cpp:395 [1;34mInfo[0m printConfig]       /home/ultra9/mpc-frame/designs/rv32e-pca-5000inst/ws_0002/Synthesis_yosys/data/sta/timing_characterizer/
[STA 20260913 21:47:37 yDvi8CoD DataManager.cpp:397 [1;34mInfo[0m printConfig]   TimingReporter
[STA 20260913 21:47:37 yDvi8CoD DataManager.cpp:398 [1;34mInfo[0m printConfig]     tr_temp_directory_path
[STA 20260913 21:47:37 yDvi8CoD DataManager.cpp:399 [1;34mInfo[0m printConfig]       /home/ultra9/mpc-frame/designs/rv32e-pca-5000inst/ws_0002/Synthesis_yosys/data/sta/timing_reporter/
[STA 20260913 21:47:37 yDvi8CoD DataManager.cpp:401 [1;34mInfo[0m printConfig]   PowerReporter
[STA 20260913 21:47:37 yDvi8CoD DataManager.cpp:402 [1;34mInfo[0m printConfig]     pr_temp_directory_path
[STA 20260913 21:47:37 yDvi8CoD DataManager.cpp:403 [1;34mInfo[0m printConfig]       /home/ultra9/mpc-frame/designs/rv32e-pca-5000inst/ws_0002/Synthesis_yosys/data/sta/power_reporter/
[STA 20260913 21:47:37 yDvi8CoD DataManager.cpp:405 [1;34mInfo[0m printConfig]   SDFWriter
[STA 20260913 21:47:37 yDvi8CoD DataManager.cpp:406 [1;34mInfo[0m printConfig]     sw_temp_directory_path
[STA 20260913 21:47:37 yDvi8CoD DataManager.cpp:407 [1;34mInfo[0m printConfig]       /home/ultra9/mpc-frame/designs/rv32e-pca-5000inst/ws_0002/Synthesis_yosys/data/sta/sdf_writer/
[STA 20260913 21:47:37 yDvi8CoD DataManager.cpp:421 [1;34mInfo[0m printDatabase] STA_DATABASE
[STA 20260913 21:47:37 yDvi8CoD DataManager.cpp:422 [1;34mInfo[0m printDatabase]   design_name
[STA 20260913 21:47:37 yDvi8CoD DataManager.cpp:423 [1;34mInfo[0m printDatabase]     Rv32ePca
[STA 20260913 21:47:37 yDvi8CoD DataManager.cpp:424 [1;34mInfo[0m printDatabase]   instance_num
[STA 20260913 21:47:37 yDvi8CoD DataManager.cpp:425 [1;34mInfo[0m printDatabase]     4082
[STA 20260913 21:47:37 yDvi8CoD DataManager.cpp:426 [1;34mInfo[0m printDatabase]   port_num
[STA 20260913 21:47:37 yDvi8CoD DataManager.cpp:427 [1;34mInfo[0m printDatabase]     200
[STA 20260913 21:47:37 yDvi8CoD DataManager.cpp:428 [1;34mInfo[0m printDatabase]   pin_num
[STA 20260913 21:47:37 yDvi8CoD DataManager.cpp:429 [1;34mInfo[0m printDatabase]     15387
[STA 20260913 21:47:37 yDvi8CoD DataManager.cpp:430 [1;34mInfo[0m printDatabase]   net_num
[STA 20260913 21:47:37 yDvi8CoD DataManager.cpp:431 [1;34mInfo[0m printDatabase]     4245
[STA 20260913 21:47:37 yDvi8CoD DataManager.cpp:63 [1;34mInfo[0m input] Completed (elapsed = 00:00:06, cpu = 00:00:06, mem = 259.92MB) 
[STA 20260913 21:47:37 yDvi8CoD STAInterface.cpp:109 [1;34mInfo[0m initSTA] Completed (elapsed = 00:00:06, cpu = 00:00:06, mem = 261.46MB) 
[STA 20260913 21:47:37 yDvi8CoD STAInterface.cpp:115 [1;34mInfo[0m runSTA] Starting...
[STA 20260913 21:47:37 yDvi8CoD DelayCalculator.cpp:58 [1;34mInfo[0m init] Starting...
[STA 20260913 21:47:37 yDvi8CoD DelayCalculator.cpp:62 [1;34mInfo[0m init] Completed (elapsed = 00:00:00, cpu = 00:00:00, mem = 0.00MB) 
[STA 20260913 21:47:37 yDvi8CoD GraphBuilder.cpp:57 [1;34mInfo[0m build] Starting...
[STA 20260913 21:47:38 yDvi8CoD GraphBuilder.cpp:69 [1;34mInfo[0m build] Completed (elapsed = 00:00:00, cpu = 00:00:00, mem = 0.19MB) 
[STA 20260913 21:47:38 yDvi8CoD ClockPropagator.cpp:56 [1;34mInfo[0m propagate] Starting...
[STA 20260913 21:47:38 yDvi8CoD ClockPropagator.cpp:62 [1;34mInfo[0m propagate] Completed (elapsed = 00:00:00, cpu = 00:00:00, mem = 0.00MB) 
[STA 20260913 21:47:38 yDvi8CoD TimingPropagator.cpp:56 [1;34mInfo[0m propagate] Starting...
[STA 20260913 21:47:38 yDvi8CoD TimingPropagator.cpp:75 [1;34mInfo[0m propagate] Completed (elapsed = 00:00:01, cpu = 00:00:01, mem = 0.00MB) 
[STA 20260913 21:47:38 yDvi8CoD PowerPropagator.cpp:55 [1;34mInfo[0m propagate] Starting...
[STA 20260913 21:47:45 yDvi8CoD PowerPropagator.cpp:60 [1;34mInfo[0m propagate] Completed (elapsed = 00:00:06, cpu = 00:00:05, mem = 0.19MB) 
[STA 20260913 21:47:45 yDvi8CoD TimingAnalyzer.cpp:56 [1;34mInfo[0m analyze] Starting...
[STA 20260913 21:47:45 yDvi8CoD TimingAnalyzer.cpp:62 [1;34mInfo[0m analyze] Completed (elapsed = 00:00:00, cpu = 00:00:00, mem = 0.00MB) 
[STA 20260913 21:47:45 yDvi8CoD PowerAnalyzer.cpp:55 [1;34mInfo[0m analyze] Starting...
[STA 20260913 21:47:45 yDvi8CoD PowerAnalyzer.cpp:60 [1;34mInfo[0m analyze] Completed (elapsed = 00:00:00, cpu = 00:00:00, mem = 0.19MB) 
[STA 20260913 21:47:45 yDvi8CoD TimingReporter.cpp:187 [1;34mInfo[0m report] Starting...
[STA 20260913 21:47:45 yDvi8CoD TimingReporter.cpp:191 [1;34mInfo[0m report] Completed (elapsed = 00:00:00, cpu = 00:00:00, mem = 0.00MB) 
[STA 20260913 21:47:45 yDvi8CoD PowerReporter.cpp:55 [1;34mInfo[0m report] Starting...
[STA 20260913 21:47:45 yDvi8CoD PowerReporter.cpp:61 [1;34mInfo[0m report] Completed (elapsed = 00:00:00, cpu = 00:00:00, mem = 0.00MB) 
[STA 20260913 21:47:45 yDvi8CoD SDFWriter.cpp:60 [1;34mInfo[0m write] Starting...
[STA 20260913 21:47:45 yDvi8CoD SDFWriter.cpp:599 [1;33mWarn[0m adjustSDFHoldTimingCheckDelay] Adjusted HOLD timing-check delay for u_apb4_pca.dp_result_10__reg_p: D relative to CK would otherwise sum to less than zero with the matching SETUP delay.
[STA 20260913 21:47:45 yDvi8CoD SDFWriter.cpp:599 [1;33mWarn[0m adjustSDFHoldTimingCheckDelay] Adjusted HOLD timing-check delay for u_apb4_pca.dp_result_11__reg_p: D relative to CK would otherwise sum to less than zero with the matching SETUP delay.
[STA 20260913 21:47:45 yDvi8CoD SDFWriter.cpp:599 [1;33mWarn[0m adjustSDFHoldTimingCheckDelay] Adjusted HOLD timing-check delay for u_apb4_pca.dp_result_12__reg_p: D relative to CK would otherwise sum to less than zero with the matching SETUP delay.
[STA 20260913 21:47:45 yDvi8CoD SDFWriter.cpp:599 [1;33mWarn[0m adjustSDFHoldTimingCheckDelay] Adjusted HOLD timing-check delay for u_apb4_pca.dp_result_13__reg_p: D relative to CK would otherwise sum to less than zero with the matching SETUP delay.
[STA 20260913 21:47:45 yDvi8CoD SDFWriter.cpp:599 [1;33mWarn[0m adjustSDFHoldTimingCheckDelay] Adjusted HOLD timing-check delay for u_apb4_pca.dp_result_16__reg_p: D relative to CK would otherwise sum to less than zero with the matching SETUP delay.
[STA 20260913 21:47:45 yDvi8CoD SDFWriter.cpp:599 [1;33mWarn[0m adjustSDFHoldTimingCheckDelay] Adjusted HOLD timing-check delay for u_apb4_pca.dp_result_18__reg_p: D relative to CK would otherwise sum to less than zero with the matching SETUP delay.
[STA 20260913 21:47:45 yDvi8CoD SDFWriter.cpp:599 [1;33mWarn[0m adjustSDFHoldTimingCheckDelay] Adjusted HOLD timing-check delay for u_apb4_pca.dp_result_19__reg_p: D relative to CK would otherwise sum to less than zero with the matching SETUP delay.
[STA 20260913 21:47:45 yDvi8CoD SDFWriter.cpp:599 [1;33mWarn[0m adjustSDFHoldTimingCheckDelay] Adjusted HOLD timing-check delay for u_apb4_pca.dp_result_20__reg_p: D relative to CK would otherwise sum to less than zero with the matching SETUP delay.
[STA 20260913 21:47:45 yDvi8CoD SDFWriter.cpp:599 [1;33mWarn[0m adjustSDFHoldTimingCheckDelay] Adjusted HOLD timing-check delay for u_apb4_pca.dp_result_21__reg_p: D relative to CK would otherwise sum to less than zero with the matching SETUP delay.
[STA 20260913 21:47:45 yDvi8CoD SDFWriter.cpp:599 [1;33mWarn[0m adjustSDFHoldTimingCheckDelay] Adjusted HOLD timing-check delay for u_apb4_pca.dp_result_22__reg_p: D relative to CK would otherwise sum to less than zero with the matching SETUP delay.
[STA 20260913 21:47:45 yDvi8CoD SDFWriter.cpp:599 [1;33mWarn[0m adjustSDFHoldTimingCheckDelay] Adjusted HOLD timing-check delay for u_apb4_pca.dp_result_23__reg_p: D relative to CK would otherwise sum to less than zero with the matching SETUP delay.
[STA 20260913 21:47:45 yDvi8CoD SDFWriter.cpp:599 [1;33mWarn[0m adjustSDFHoldTimingCheckDelay] Adjusted HOLD timing-check delay for u_apb4_pca.dp_result_24__reg_p: D relative to CK would otherwise sum to less than zero with the matching SETUP delay.
[STA 20260913 21:47:45 yDvi8CoD SDFWriter.cpp:599 [1;33mWarn[0m adjustSDFHoldTimingCheckDelay] Adjusted HOLD timing-check delay for u_apb4_pca.dp_result_25__reg_p: D relative to CK would otherwise sum to less than zero with the matching SETUP delay.
[STA 20260913 21:47:45 yDvi8CoD SDFWriter.cpp:599 [1;33mWarn[0m adjustSDFHoldTimingCheckDelay] Adjusted HOLD timing-check delay for u_apb4_pca.dp_result_26__reg_p: D relative to CK would otherwise sum to less than zero with the matching SETUP delay.
[STA 20260913 21:47:45 yDvi8CoD SDFWriter.cpp:599 [1;33mWarn[0m adjustSDFHoldTimingCheckDelay] Adjusted HOLD timing-check delay for u_apb4_pca.dp_result_27__reg_p: D relative to CK would otherwise sum to less than zero with the matching SETUP delay.
[STA 20260913 21:47:45 yDvi8CoD SDFWriter.cpp:599 [1;33mWarn[0m adjustSDFHoldTimingCheckDelay] Adjusted HOLD timing-check delay for u_apb4_pca.dp_result_28__reg_p: D relative to CK would otherwise sum to less than zero with the matching SETUP delay.
[STA 20260913 21:47:45 yDvi8CoD SDFWriter.cpp:599 [1;33mWarn[0m adjustSDFHoldTimingCheckDelay] Adjusted HOLD timing-check delay for u_apb4_pca.dp_result_29__reg_p: D relative to CK would otherwise sum to less than zero with the matching SETUP delay.
[STA 20260913 21:47:45 yDvi8CoD SDFWriter.cpp:599 [1;33mWarn[0m adjustSDFHoldTimingCheckDelay] Adjusted HOLD timing-check delay for u_apb4_pca.dp_result_30__reg_p: D relative to CK would otherwise sum to less than zero with the matching SETUP delay.
[STA 20260913 21:47:45 yDvi8CoD SDFWriter.cpp:599 [1;33mWarn[0m adjustSDFHoldTimingCheckDelay] Adjusted HOLD timing-check delay for u_apb4_pca.dp_result_31__reg_p: D relative to CK would otherwise sum to less than zero with the matching SETUP delay.
[STA 20260913 21:47:45 yDvi8CoD SDFWriter.cpp:599 [1;33mWarn[0m adjustSDFHoldTimingCheckDelay] Adjusted HOLD timing-check delay for u_apb4_pca.dp_result_3__reg_p: D relative to CK would otherwise sum to less than zero with the matching SETUP delay.
[STA 20260913 21:47:45 yDvi8CoD SDFWriter.cpp:599 [1;33mWarn[0m adjustSDFHoldTimingCheckDelay] Adjusted HOLD timing-check delay for u_apb4_pca.dp_result_4__reg_p: D relative to CK would otherwise sum to less than zero with the matching SETUP delay.
[STA 20260913 21:47:45 yDvi8CoD SDFWriter.cpp:599 [1;33mWarn[0m adjustSDFHoldTimingCheckDelay] Adjusted HOLD timing-check delay for u_apb4_pca.dp_result_5__reg_p: D relative to CK would otherwise sum to less than zero with the matching SETUP delay.
[STA 20260913 21:47:45 yDvi8CoD SDFWriter.cpp:599 [1;33mWarn[0m adjustSDFHoldTimingCheckDelay] Adjusted HOLD timing-check delay for u_apb4_pca.dp_result_7__reg_p: D relative to CK would otherwise sum to less than zero with the matching SETUP delay.
[STA 20260913 21:47:45 yDvi8CoD SDFWriter.cpp:599 [1;33mWarn[0m adjustSDFHoldTimingCheckDelay] Adjusted HOLD timing-check delay for u_apb4_pca.dp_result_8__reg_p: D relative to CK would otherwise sum to less than zero with the matching SETUP delay.
[STA 20260913 21:47:45 yDvi8CoD SDFWriter.cpp:599 [1;33mWarn[0m adjustSDFHoldTimingCheckDelay] Adjusted HOLD timing-check delay for u_apb4_pca.dp_result_9__reg_p: D relative to CK would otherwise sum to less than zero with the matching SETUP delay.
[STA 20260913 21:47:45 yDvi8CoD SDFWriter.cpp:599 [1;33mWarn[0m adjustSDFHoldTimingCheckDelay] Adjusted HOLD timing-check delay for u_apb4_pca.u_datapath.opcode_q_0__reg_p: D relative to CK would otherwise sum to less than zero with the matching SETUP delay.
[STA 20260913 21:47:45 yDvi8CoD SDFWriter.cpp:599 [1;33mWarn[0m adjustSDFHoldTimingCheckDelay] Adjusted HOLD timing-check delay for u_apb4_pca.u_datapath.opcode_q_3__reg_p: D relative to CK would otherwise sum to less than zero with the matching SETUP delay.
[STA 20260913 21:47:45 yDvi8CoD SDFWriter.cpp:64 [1;34mInfo[0m write] Completed (elapsed = 00:00:00, cpu = 00:00:00, mem = 0.00MB) 
[STA 20260913 21:47:45 yDvi8CoD DelayCalculator.cpp:90 [1;34mInfo[0m destroy] Starting...
[STA 20260913 21:47:45 yDvi8CoD DelayCalculator.cpp:94 [1;34mInfo[0m destroy] Completed (elapsed = 00:00:00, cpu = 00:00:00, mem = 0.00MB) 
[STA 20260913 21:47:45 yDvi8CoD STAInterface.cpp:157 [1;34mInfo[0m runSTA] Completed (elapsed = 00:00:08, cpu = 00:00:07, mem = 1.15MB) 
[STA 20260913 21:47:45 yDvi8CoD STAInterface.cpp:195 [1;34mInfo[0m destroySTA] Starting...
[STA 20260913 21:47:45 yDvi8CoD DelayCalculator.cpp:90 [1;34mInfo[0m destroy] Starting...
[STA 20260913 21:47:45 yDvi8CoD DelayCalculator.cpp:94 [1;34mInfo[0m destroy] Completed (elapsed = 00:00:00, cpu = 00:00:00, mem = 0.00MB) 
[STA 20260913 21:47:45 yDvi8CoD DataManager.cpp:69 [1;34mInfo[0m output] Starting...
[STA 20260913 21:47:45 yDvi8CoD DataManager.cpp:71 [1;34mInfo[0m output] Completed (elapsed = 00:00:00, cpu = 00:00:00, mem = 0.00MB) 
[STA 20260913 21:47:45 yDvi8CoD STAInterface.cpp:203 [1;34mInfo[0m destroySTA] Completed (elapsed = 00:00:00, cpu = 00:00:00, mem = 0.00MB) 
[STA 20260913 21:47:45 yDvi8CoD Logger.hpp:56 [1;34mInfo[0m printLogFilePath] The log file path is '/home/ultra9/mpc-frame/designs/rv32e-pca-5000inst/ws_0002/Synthesis_yosys/data/sta/sta.log'!
[STA 20260913 21:47:45 yDvi8CoD STAInterface.cpp:207 [1;34mInfo[0m destroySTA] >>>>>>>>>>>>>>>>>>>>>>>>>>>>>>>>>>>>>>>>>>>>>>>>>>>>>>>>>>>>>>>>>>>>>>>>>>>>>>>>>>>>>>>>>>>>
[STA 20260913 21:47:45 yDvi8CoD STAInterface.cpp:208 [1;34mInfo[0m destroySTA] _____ _______________________       _______________________   ________________________  __  
[STA 20260913 21:47:45 yDvi8CoD STAInterface.cpp:209 [1;34mInfo[0m destroySTA] ___(_)__  ___/___  __/___    |      ___  ____/____  _/___  | / /____  _/__  ___/___  / / /  
[STA 20260913 21:47:45 yDvi8CoD STAInterface.cpp:210 [1;34mInfo[0m destroySTA] __  / _____ \ __  /   __  /| |      __  /_     __  /  __   |/ /  __  /  _____ \ __  /_/ / 
[STA 20260913 21:47:45 yDvi8CoD STAInterface.cpp:211 [1;34mInfo[0m destroySTA] _  /  ____/ / _  /    _  ___ |      _  __/    __/ /   _  /|  /  __/ /   ____/ / _  __  /    
[STA 20260913 21:47:45 yDvi8CoD STAInterface.cpp:212 [1;34mInfo[0m destroySTA] /_/   /____/  /_/     /_/  |_|      /_/       /___/   /_/ |_/   /___/   /____/  /_/ /_/     
[STA 20260913 21:47:45 yDvi8CoD STAInterface.cpp:213 [1;34mInfo[0m destroySTA] >>>>>>>>>>>>>>>>>>>>>>>>>>>>>>>>>>>>>>>>>>>>>>>>>>>>>>>>>>>>>>>>>>>>>>>>>>>>>>>>>>>>>>>>>>>>
